0.19356,0.00029,0.01931,0,0.01421,0,3.84933,0.00285,6.77369,0.0025,6.64673,0.00248,0.56854,0.00452,0.32119,0.00163,0.29611,0.00214,23095413.9155,56188224.51824,37417352.15272,1178574962.09489,44274914.43028,2235147911.05711,A
0.27215,0.00029,0.02268,0,0.03041,0,3.21957,0.00253,6.41445,0.00209,5.77881,0.00309,0.68523,0.00195,0.33993,0.0021,0.38108,0.00158,18984809.55421,51690181.11726,36263187.75585,1940349463.28056,26901355.59568,732632620.90816,A
0.25149,0.00023,0.03288,0,0.06365,0.00001,2.93706,0.00037,5.74798,0.00353,4.60717,0.00552,0.62962,0.00382,0.38926,0.00227,0.48541,0.00252,18856719.52597,462235126.22032,25580081.44722,7464630681.05967,14662384.6693,2289222334.4377,A
0.34552,0.00154,0.16878,0.00054,0.10639,0.00001,3.19454,0.04732,4.96089,0.06426,4.09521,0.00507,0.68817,0.00937,0.50237,0.01177,0.56776,0.00267,16610878.9447,3077032572.20318,12794728.00132,935742267.41433,14323533.59198,682006280.68523,A
0.3172,0.00138,0.04486,0.00003,0.02085,0,3.6701,0.0873,6.36241,0.01977,6.53926,0.00581,0.65066,0.0111,0.40988,0.00671,0.33666,0.00299,17303949.32947,657668736.79469,25011662.1173,1604803137.38374,38986302.5256,4159696517.51157,A
0.12185,0.00028,0.01722,0.00001,0.01379,0,5.44932,0.01843,7.27777,0.00806,6.86519,0.00582,0.50251,0.00541,0.31692,0.00378,0.30874,0.00247,33018371.32888,3649660425.03342,38953315.87923,7234381262.56307,47622064.34038,5166746154.54383,A
0.41798,0.00183,0.11521,0.00011,0.13937,0.00001,2.4511,0.02429,4.02259,0.0087,3.45221,0.00193,0.73983,0.00608,0.59722,0.00552,0.62401,0.00207,14364750.15116,2737181.93835,8931360.01046,58101837.9296,11835548.7019,397722344.12653,A
0.17126,0.00049,0.06184,0,0.0263,0,4.41273,0.03143,4.98667,0.001,5.88689,0.0099,0.54815,0.0101,0.47912,0.00308,0.35805,0.0019,26822115.39951,6543217.02688,9827027.14071,414586724.49892,29537393.77794,5241335217.74108,A
0.122,0.0001,0.005,0,0.02822,0,5.01209,0.00324,8.07461,0.00084,5.65663,0.00188,0.51286,0.0026,0.20915,0.00179,0.39038,0.00348,30078773.97353,1488657279.61948,74906532.87101,31805486183.30164,28128876.17885,1519530441.31064,A
0.57649,0.00058,0.06895,0.00001,0.05696,0.00001,1.42454,0.00247,4.54781,0.00905,4.82688,0.00971,0.82972,0.0013,0.49795,0.00363,0.4731,0.00212,11317152.65573,38054981.0514,17330053.33541,390567569.32426,19541624.18366,668728109.20983,B
0.37296,0.0002,0.06621,0,0.03233,0,2.57624,0.00015,4.75573,0.00297,5.37897,0.00029,0.7066,0.00124,0.5005,0.00087,0.40792,0.00118,15204169.47386,252324496.1792,13423499.56757,253569070.64278,20356627.06824,1834899669.69478,B
0.46795,0.00081,0.03971,0.00002,0.0423,0.00002,1.72827,0.00208,5.44516,0.01166,5.19653,0.01914,0.76632,0.00243,0.39307,0.00241,0.41356,0.00198,12937203.37682,140265567.57206,18858869.27886,487984429.09875,22990114.67355,573188948.93452,B
0.44236,0.0003,0.0484,0,0.05255,0,1.89705,0.00034,5.47239,0.00192,4.98554,0.00025,0.75679,0.00106,0.44179,0.00074,0.48028,0.00099,13526216.53306,2802824.85966,18839717.05276,2797341.80983,15137332.9211,15199238.70546,B
0.21178,0.00011,0.00695,0,0.03561,0,3.24935,0.00032,7.57657,0.00394,5.63483,0.00481,0.58321,0.00311,0.22928,0.00175,0.40377,0.00406,20393292.48208,1379024741.13684,52259242.46541,34525895853.043692,23637531.01432,5203073226.70876,B
0.35766,0.00028,0.02979,0,0.0356,0,2.11031,0.00039,5.82188,0.00346,5.33773,0.00114,0.69413,0.0021,0.37694,0.00129,0.41755,0.00151,14913910.39484,528673982.37953,21035412.9435,2936196266.45282,19181984.8768,3313376499.20696,B
0.43975,0.00029,0.05126,0,0.0417,0,2.18496,0.00111,5.68019,0.00566,5.18314,0.0017,0.75332,0.00105,0.43347,0.00138,0.42733,0.00221,13628693.63444,6395286.19675,23191620.50377,836198263.68868,22429987.86938,626935070.59064,B
0.26729,0.00037,0.01363,0,0.08643,0,2.8233,0.00223,7.12619,0.00054,4.26192,0.00362,0.63139,0.00418,0.2917,0.00303,0.5412,0.00175,17685035.73567,917035197.19436,46547318.00483,17468434180.20329,15346489.5872,1257565965.12063,B
0.38572,0.00022,0.01031,0,0.01734,0,2.4482,0.00065,7.30166,0.0074,6.86703,0.00752,0.72577,0.00121,0.23371,0.00261,0.2859,0.00334,14962004.24823,35862355.15211,94718189.97471,39389314473.923992,45406539.03335,1003136114.54633,B
0.43022,0.00067,0.01401,0,0.01965,0.00001,2.05317,0.00248,6.75243,0.01108,6.17721,0.02,0.80811,0.00116,0.28034,0.00087,0.3133,0.00118,8896737.56023,193573502.69302,40557049.82296,19950902511.3932,33617622.40451,9207894755.37166,B
0.43186,0.00087,0.04733,0.00001,0.05812,0.00003,1.99241,0.00413,5.21793,0.00592,4.8133,0.01883,0.74407,0.00296,0.43817,0.00255,0.46252,0.00174,13617228.77975,313421449.21422,18650917.47178,387019054.88685,19226334.49233,372501954.5121,B
0.42602,0.00062,0.03517,0.00001,0.03458,0.00002,1.78783,0.00126,5.7116,0.02017,5.51345,0.03743,0.75006,0.00275,0.39203,0.00208,0.38036,0.00216,13537776.68211,331211634.98157,14608139.04992,1563342736.557,26402015.14416,5096469672.06925,B
0.68762,0.00021,0.03181,0.00001,0.02597,0.00001,1.08441,0.00022,5.61277,0.01166,5.77763,0.01575,0.88014,0.00035,0.37749,0.00157,0.34953,0.00151,10566453.40368,62074653.34906,25965477.78885,1637440534.16964,29264191.42275,2849969457.80355,B
0.79396,0.00011,0.09595,0.00001,0.0159,0,0.73449,0.00018,4.1638,0.00774,6.48301,0.00929,0.92419,0.00013,0.53615,0.00234,0.28694,0.00224,9749508.9253,28157743.15796,14758488.63776,334311864.66916,40143603.89317,4453208584.81065,B
0.61228,0.0002,0.05011,0.00001,0.02236,0,1.37343,0.00006,5.31517,0.01666,6.11311,0.01137,0.84442,0.00047,0.44306,0.00205,0.32933,0.00192,11387156.42875,66112769.07574,17809192.50793,1044287396.77145,35295523.64181,5064597935.66832,B
0.4541,0.00046,0.04759,0.00004,0.10143,0.00004,1.80838,0.00066,5.03503,0.02661,4.19048,0.01335,0.83043,0.00076,0.42673,0.00251,0.54724,0.00164,13143849.78911,656882389.84831,14725764.98785,3868056871.71424,10030514.71222,1817368927.72096,B
0.08845,0.00019,0.01015,0,0.02823,0,5.33135,0.01292,7.57576,0.00085,5.99456,0.00642,0.48919,0.00613,0.26378,0.00424,0.37259,0.00814,27977533.34372,2510985022.32319,59399896.56419,25019216307.48338,32116216.03717,6475341289.34072,A
0.13853,0.00013,0.00685,0,0.00882,0,3.92541,0.00373,8.09135,0.01001,7.48111,0.06512,0.56067,0.00529,0.23496,0.01046,0.27714,0.02704,22395278.76577,924498751.19734,69297879.15721,53254074226.774488,61803272.48343,44958205080.844224,A
0.53485,0.00076,0.01346,0,0.02654,0.00001,1.63127,0.00399,6.86873,0.0257,5.80914,0.0291,0.80781,0.00187,0.26895,0.00228,0.3437,0.00289,12317866.40238,76259693.38726,46214470.25407,7818723579.3158,30398977.12652,2419485066.86055,A
0.57592,0.00069,0.02392,0.00001,0.02455,0.00001,1.35196,0.00196,6.19024,0.02826,5.85425,0.02403,0.82712,0.00131,0.32826,0.00269,0.33333,0.00323,11621335.48006,63411686.38687,22501387.53235,1750886239.47995,28455970.95474,2832976445.64839,A
0.24578,0.00149,0.09154,0.00031,0.06856,0,3.68817,0.05109,5.82585,0.07784,4.58604,0.00662,0.61709,0.01313,0.4411,0.01535,0.50604,0.00284,20040464.8235,5434538369.99711,20431340.45526,2122075307.78076,17933437.97111,1620347811.78085,A
0.2402,0.00018,0.01383,0,0.06506,0.00001,3.08549,0.00136,7.2441,0.00164,4.72375,0.01393,0.64821,0.00366,0.28984,0.00411,0.49177,0.00206,18297474.95059,595401730.23308,48061980.23714,10978413908.91156,18607203.16138,1771691475.49115,A
0.18881,0.00023,0.01457,0,0.03423,0,3.32958,0.0015,7.20108,0.00094,5.56133,0.01833,0.60559,0.0052,0.30327,0.00426,0.4022,0.0024,21170511.96589,797058434.11256,45635980.12515,10122928829.04132,26622193.44489,3614726407.80538,A
0.13145,0.00019,0.01289,0,0.01639,0.00001,4.29092,0.00275,7.15657,0.00437,6.67661,0.0121,0.53195,0.00531,0.28549,0.00645,0.32943,0.01894,28459776.46511,4417494060.847881,51267160.34854,11429477168.18087,49148711.29113,21665165535.57318,A
0.24881,0.00061,0.04423,0.00005,0.0515,0,3.53855,0.00955,6.60831,0.00782,5.03111,0.00548,0.63926,0.0046,0.39195,0.00492,0.46619,0.00465,19899680.15779,2363070838.77875,32200234.25769,4786055392.6041,21789315.83256,2521085865.06042,A
0.32578,0.00022,0.01092,0,0.01442,0,2.21976,0.00023,7.06988,0.00535,6.78419,0.00037,0.67069,0.00225,0.26086,0.0007,0.29935,0.00078,15665770.25159,13278404.71876,40904146.06273,461346717.6715,34597182.14624,265658625.67097,A
0.31851,0.00018,0.01056,0,0.02234,0,2.19258,0.00016,7.04196,0.00405,6.17285,0.00011,0.66372,0.00241,0.26207,0.00085,0.35852,0.00082,15684654.6548,630790026.49133,38280641.81689,10460818594.20971,26274167.8481,6500904472.95284,A
0.27942,0.00046,0.04183,0,0.04089,0,2.60389,0.00383,5.1635,0.0057,5.12872,0.00067,0.63786,0.00464,0.42534,0.0015,0.44349,0.0012,16855940.82492,833510707.33703,18897381.25431,2119142286.51102,19858513.9135,3164106249.77406,A
0.49573,0.00017,0.10509,0,0.03316,0,1.93437,0.00001,4.12134,0.00165,5.37692,0.00189,0.78347,0.00062,0.57541,0.00098,0.41416,0.00178,13034051.87445,3647664.06527,13490035.37468,184163336.20988,21448333.07964,1103216933.3262,A
0.46793,0.00023,0.12604,0,0.05201,0,2.08875,0.00017,4.04976,0.00273,4.87841,0.00156,0.76739,0.0008,0.58708,0.00072,0.4693,0.00136,13444661.26757,46582624.08411,9407473.0625,91344522.47214,18993441.95272,698814818.72262,A
0.42533,0.00025,0.04808,0,0.02911,0,2.0944,0.00064,5.22485,0.00402,5.59422,0.00032,0.7436,0.00105,0.45499,0.00076,0.40116,0.00109,13950749.55357,80671315.97942,17076971.61533,462445118.87297,21871751.17909,1372170651.35261,A
0.66453,0.00013,0.02726,0,0.01666,0,1.11103,0.00019,6.1327,0.00533,6.63896,0.00225,0.8708,0.00023,0.37282,0.00093,0.31896,0.0009,10819619.32263,5979109.95364,26844042.22374,23177051.95481,38889774.34652,64528597.91613,A
0.69354,0.00015,0.03373,0,0.0082,0,0.96677,0.00042,5.69455,0.00303,7.29781,0.00258,0.8828,0.0002,0.41271,0.00134,0.24792,0.00093,10476145.69546,1570806.05603,24249295.50607,20446990.94365,59952810.88756,411161979.37599,A
0.67305,0.00018,0.01976,0,0.00419,0,1.0128,0.00047,6.4428,0.00183,8.07367,0.00254,0.87523,0.00025,0.34395,0.001,0.1926,0.00051,10620374.06556,556277.7967,41773108.97301,1182927.1819,80764734.44127,1444676376.47576,A
0.748,0.00019,0.01891,0,0.01143,0,0.90062,0.00088,6.43722,0.00459,6.93928,0.00431,0.90532,0.00023,0.33046,0.00155,0.26665,0.00164,10085807.71264,10129124.80141,36382686.43551,150450813.60733,45777269.38745,300152135.38559,A
0.65582,0.00013,0.01655,0,0.00635,0,1.11039,0.0003,6.52739,0.00301,7.68964,0.00163,0.86615,0.00024,0.32609,0.00123,0.22654,0.00076,10704091.05938,2365317.69392,33748370.42927,119974038.01319,70422707.07376,1159775952.77227,A
0.64517,0.00123,0.06232,0.00004,0.03486,0.00002,1.08185,0.00529,5.0104,0.01829,5.36241,0.0194,0.8598,0.00161,0.46745,0.00326,0.38321,0.00272,10858327.00709,46583206.13545,13068021.53044,273214503.89222,25002934.97904,1091715581.80369,A
0.6556,0.00114,0.05625,0.00002,0.03438,0.00001,1.06854,0.00535,5.05798,0.01532,5.38479,0.01603,0.86455,0.00148,0.45446,0.0039,0.38631,0.00314,10789655.93948,47477631.11515,11801416.03199,261060054.87663,25070300.61817,1139205690.049,A
0.7491,0.00001,0.00942,0,0.00443,0,0.91679,0.00006,7.25516,0.00208,7.94394,0.00224,0.90639,0.00007,0.26241,0.00077,0.18904,0.00056,9989157.64004,599225.9066,37575006.71267,1844611389.7686,59119100.69255,6675617674.62945,A
0.31076,0.00029,0.04109,0.00002,0.04551,0.00001,2.22325,0.00077,5.30424,0.0352,5.09625,0.0196,0.66945,0.00391,0.40524,0.00387,0.42938,0.00226,15640031.77166,4917476502.82567,11942023.91007,8131169669.03734,22926314.91314,66024579862.412984,A
0.47565,0.00064,0.02734,0.00002,0.04059,0.00002,1.6224,0.00145,6.03384,0.04018,5.47528,0.02265,0.77983,0.00203,0.34905,0.00204,0.4072,0.00153,12806768.94818,355563331.19513,20411058.47021,5641123567.75403,22011800.22281,8552208536.27481,A
0.50763,0.00062,0.03292,0.00002,0.04516,0.00003,1.50732,0.00131,5.73312,0.04699,5.15956,0.02949,0.79816,0.00167,0.37424,0.00223,0.41946,0.00212,12325646.07866,305369250.76013,18365153.90874,4722189385.7247,22526630.94476,9592576508.69772,A
0.4615,0.00048,0.0427,0.00006,0.03617,0.00001,1.59822,0.00094,5.26244,0.06428,5.467,0.01822,0.7704,0.00172,0.39977,0.0024,0.39576,0.00171,12866328.66011,276228487.09135,16007597.61476,3971261158.13245,25288742.15896,14814956036.55565,A
0.69182,0.00032,0.04576,0,0.057,0.00001,1.09317,0.001,5.66857,0.00603,4.86299,0.00943,0.88166,0.00044,0.41777,0.00136,0.47044,0.0018,10660906.54911,245680.46472,25803440.51299,21056830.86383,20673210.21472,2966169.90449,A
0.66974,0.0002,0.07798,0,0.04185,0.00001,1.16345,0.00068,4.62459,0.003,5.34043,0.00812,0.87079,0.00029,0.50826,0.00142,0.42646,0.00132,10870020.09857,65182.3229,17948481.80979,5043280.51369,26724061.2618,14242227.64455,A
0.54824,0.00061,0.0331,0,0.02874,0.00001,1.49718,0.00153,5.67319,0.00681,5.8459,0.01194,0.81136,0.00137,0.38582,0.00164,0.36532,0.00106,11938408.24179,655089148.6261,27188690.41342,6781199125.92229,25853406.73804,7733617253.85553,A
0.65956,0.00034,0.06582,0,0.03328,0.00001,1.13988,0.00121,4.9553,0.00622,5.68548,0.01154,0.86682,0.0005,0.48261,0.00165,0.39835,0.00165,10937538.32481,759666.12394,19650019.10927,919499.26615,30134473.25268,383254.85682,A
0.72882,0.00016,0.02616,0,0.00807,0,0.9324,0.00067,5.93111,0.00097,7.56254,0.00025,0.89695,0.0002,0.35409,0.00185,0.21726,0.00172,10220132.09026,176905.31451,25375020.78903,278591820.01194,78294504.56886,1349657634.12117,A
0.56846,0.00122,0.07415,0.00001,0.02611,0,1.24713,0.00365,4.47708,0.00395,5.80154,0.01026,0.81988,0.00214,0.49624,0.00414,0.3494,0.0031,11525110.71932,68520350.72965,15160785.52562,568016743.15029,29264308.4814,3765385776.82928,A
0.72011,0.00016,0.02775,0,0.00847,0,0.94758,0.00049,5.89763,0.00792,7.48053,0.00373,0.8931,0.0002,0.36172,0.00205,0.20959,0.00142,10260210.36216,441371.9954,20507824.86693,108235706.87847,53411998.42653,1037590839.78032,A
0.69667,0.00019,0.02464,0,0.01747,0,1.24362,0.00105,6.53254,0.00146,6.5408,0.00297,0.88327,0.00029,0.34723,0.00199,0.29654,0.00158,10618524.5944,2457607.99751,34278476.10151,305415245.44133,41117263.30687,58523510.06503,A
0.76995,0.00103,0.13422,0.00004,0.04995,0.00002,0.74095,0.00571,3.63143,0.00348,4.78254,0.0093,0.91326,0.001,0.60468,0.00317,0.44292,0.00395,9851807.93175,39109652.00287,7747632.50815,78512642.72764,20935699.12025,1120814171.75857,A
0.54994,0.00113,0.10555,0.00002,0.08351,0.00003,1.61944,0.00532,4.46894,0.007,4.45517,0.01534,0.81358,0.00233,0.54574,0.00419,0.51471,0.00305,11922575.18191,873825259.09535,14551743.7935,1769166721.31324,16755303.02651,3425591706.81253,A
0.54288,0.00119,0.04895,0.00001,0.04719,0.00002,1.41883,0.00449,5.29084,0.0139,5.14169,0.02336,0.81053,0.00228,0.43462,0.00495,0.42539,0.0053,11914976.6266,307439096.74929,23160183.93711,7463502910.36635,23066114.20121,6345414181.33222,A
0.95015,0.00001,0.04474,0.00001,0.01671,0,0.20139,0.00009,5.42998,0.0102,6.55785,0.00643,0.98245,0.00001,0.42763,0.0024,0.27726,0.00224,8765075.86862,34968.19627,20204145.45251,186263.66229,40996073.9385,66800935.80391,A
0.97399,0,0.09909,0.00001,0.02659,0,0.11617,0.00003,4.353,0.00531,5.81507,0.00385,0.99088,0,0.54544,0.00254,0.34821,0.00271,8640868.914,9494.0084,14987031.45138,3101087.46772,29438796.49019,10295373.52378,A
0.95671,0.00001,0.07112,0.00001,0.03322,0.00001,0.18519,0.00007,4.65504,0.00683,5.51775,0.00941,0.98469,0.00001,0.50646,0.00275,0.38283,0.00249,8741801.75624,38431.641,12324625.06883,695857.9021,25998441.61273,8958133.44128,A
0.89429,0.00003,0.00919,0,0.01149,0,0.42054,0.00016,7.50824,0.00006,7.06952,0.00094,0.96282,0.00002,0.23335,0.00105,0.27606,0.00109,9094459.31468,74492.23952,57875616.2738,2511662623.2282,56824529.68548,152883265.02462,A
0.80108,0.0009,0.0092,0,0.03076,0,0.71284,0.00696,7.39562,0.00358,5.65367,0.0051,0.92568,0.00097,0.26299,0.00488,0.39646,0.00437,9632951.36744,296365397.81399,56560554.00538,14341096420.98749,27292779.89147,2398529044.96024,A
0.70677,0.00051,0.05454,0.00001,0.04749,0.00002,1.13975,0.00395,5.10793,0.00766,5.01,0.01096,0.88383,0.00088,0.45615,0.0031,0.43922,0.0033,10253464.62755,2222416151.29909,19103838.71488,3848959732.32178,21650411.46368,4910262380.20757,A
0.85594,0.00007,0.11162,0,0.0427,0.00001,0.53279,0.00032,4.21831,0.00261,5.23965,0.00646,0.94876,0.00007,0.57668,0.00174,0.42899,0.00314,9313314.11723,24608994.22571,13500175.23527,227555788.08911,23210706.8843,1574007578.8688,A
0.89475,0.00004,0.33822,0.00002,0.07806,0.00001,0.39856,0.00018,2.60442,0.00206,4.63365,0.005,0.96309,0.00003,0.76191,0.00053,0.51857,0.00219,9075513.66483,23172683.38779,7345564.04393,48173231.21811,17188125.84572,741759271.09513,A
0.90014,0.00003,0.02755,0,0.01385,0,0.38602,0.00012,6.06015,0.01508,6.62603,0.0111,0.96462,0.00002,0.36071,0.00235,0.26086,0.00199,9059945.08561,4483.1475,36530052.96848,42646084.12144,50856965.15343,432186744.35429,A
0.44327,0.0002,0.00828,0,0.01657,0,1.77693,0.00013,7.06594,0.00484,6.33839,0.00339,0.7595,0.00109,0.24109,0.00069,0.31597,0.00103,13252923.55058,369656948.89866,51700643.99476,45849047364.77464,35601388.63524,12745494856.63611,A
0.39986,0.00019,0.02239,0,0.01617,0,2.11701,0.00005,6.153,0.0009,6.44106,0.00315,0.72633,0.00114,0.33888,0.00128,0.31135,0.00146,14336351.2888,867604434.9118,31948867.66881,18681027079.403148,39976139.39883,24671260633.25606,A
0.50051,0.00001,0.00769,0,0.01795,0,1.76427,0.00009,7.1042,0.00441,6.24628,0.00568,0.79315,0.00038,0.23363,0.0007,0.32142,0.00092,12264107.78469,344575881.93783,51956784.39678,51089336681.22116,34564789.37674,11328735988.33479,A
0.84725,0.00005,0.03505,0.00001,0.02124,0,0.57453,0.00028,5.83135,0.01402,6.05573,0.00933,0.94495,0.00005,0.39519,0.00191,0.31693,0.00169,9417685.11735,117244.12339,17814381.28433,28957152.02886,38981251.88561,218317289.65231,A
0.61321,0.00021,0.01211,0,0.00533,0,1.23241,0.0004,6.78628,0.00589,7.58648,0.00346,0.89685,0.00016,0.27811,0.00094,0.19592,0.00058,10285245.33412,304072.67757,64151264.38298,552674161.58971,66397299.94958,5671530747.85535,A
0.50763,0.00027,0.0063,0,0.00594,0,1.88306,0.00081,7.32374,0.00141,7.17955,0.00082,0.79617,0.00056,0.22076,0.00084,0.21762,0.00083,12808783.57616,591045.9771,57441564.23641,8143914281.07892,68068988.79452,16675614990.84832,A
0.4849,0.00109,0.01797,0,0.017,0,1.88962,0.00582,6.29683,0.00084,6.20264,0.0021,0.77793,0.00283,0.32783,0.00223,0.31963,0.00198,12630929.94062,2006596091.62761,32574447.93732,8221920130.6106,35750057.79055,11674126362.38683,A
0.58787,0.0002,0.00375,0,0.00292,0,1.35367,0.00038,7.7575,0.00074,7.75353,0.00029,0.88863,0.00019,0.18062,0.00052,0.16532,0.00051,10438924.17943,712770.18222,75059607.88144,11151317819.34507,111343705.89645,32175481565.52054,A
0.85618,0.00004,0.00952,0,0.009,0,0.53368,0.00023,7.10799,0.00105,7.12602,0.00105,0.94897,0.00004,0.26982,0.00127,0.25677,0.00132,9328657.77635,139209.22584,44445159.01726,493547379.95527,53108440.52769,773278681.7865,A
0.93528,0.00001,0.08294,0,0.0761,0.00005,0.26405,0.00009,4.37302,0.0041,4.18059,0.01014,0.97734,0.00001,0.53244,0.0025,0.50866,0.00359,8848257.05195,17192853.51584,14540813.02138,352554857.23533,16741243.68273,472943639.91196,A
0.74216,0.00065,0.1047,0.00004,0.04882,0.00002,0.84819,0.00287,4.00026,0.00495,4.85436,0.00755,0.90112,0.0007,0.55987,0.00278,0.44064,0.00295,10123940.30039,42974888.3552,9466101.56913,158111232.24147,20953330.55151,965123996.26608,A
0.74915,0.00071,0.11383,0.00005,0.05524,0.00003,0.81465,0.00362,3.89419,0.00586,4.74121,0.01174,0.90414,0.00074,0.57313,0.00263,0.45127,0.00304,10066032.06429,44286707.02799,9024238.72481,129745702.76295,19920269.66431,750985326.02565,A
0.77835,0.00073,0.07562,0.00002,0.05222,0.00002,0.72719,0.00418,4.25047,0.00418,4.80033,0.00816,0.91658,0.00071,0.51571,0.00428,0.44884,0.00343,9823045.36873,39860494.22725,12247076.3469,269410231.74487,20410376.95475,839995451.41764,A
0.7415,0.00098,0.12308,0.00004,0.06235,0.00002,0.8701,0.00567,3.81813,0.0053,4.54554,0.00602,0.9024,0.00107,0.58845,0.00317,0.48282,0.00318,10097914.70939,41415059.3629,8754643.7329,112866919.3742,18332937.71048,938959859.09269,A
0.827,0.00061,0.13116,0.00003,0.04712,0.00002,0.59233,0.00364,3.52291,0.00327,4.86155,0.01034,0.95711,0.00022,0.60287,0.00359,0.43357,0.00416,5844881.86934,13584373.8514,6873320.49355,83304607.91115,21382029.26887,1199384312.97688,A
0.6836,0.00014,0.02084,0,0.0161,0,1.08017,0.00033,6.33241,0.00445,6.44382,0.00561,0.8792,0.00024,0.3507,0.00114,0.31476,0.00114,10454345.2535,334474.33095,22506960.4644,136208212.15361,43322135.39451,294872460.29907,A
0.59408,0.00182,0.0123,0,0.01493,0,1.32345,0.00925,6.82643,0.00346,6.50987,0.00533,0.83411,0.00285,0.2909,0.00342,0.30599,0.00335,11287591.14164,346704693.78997,45659109.08089,31489254031.296152,40317839.16535,34714932339.865724,A
0.44605,0.00094,0.00777,0,0.00819,0,2.05912,0.00555,7.29661,0.00186,7.18466,0.00173,0.75346,0.00298,0.24249,0.00148,0.24489,0.00154,12983360.09522,5102299347.2616,53699939.58194,30226510107.0446,46197147.12936,13706061904.45337,A
0.48999,0.00028,0.03397,0.00002,0.01575,0,1.71147,0.00013,5.798,0.03277,6.62049,0.03263,0.78185,0.00095,0.3812,0.00167,0.29044,0.00183,12749139.07254,45050630.13766,22172402.26948,1020236688.1515,42490628.66084,4661321341.04269,A
0.56122,0.00024,0.02887,0,0.00726,0,1.40282,0.00072,6.13187,0.00255,7.51855,0.00355,0.82225,0.0005,0.37911,0.00128,0.2256,0.00075,11732140.62041,794823.64812,30589261.09123,3403104.70511,46432461.14165,2778620788.56008,A
0.45787,0.00028,0.02275,0.00001,0.04189,0.00001,1.8048,0.00002,6.37057,0.06432,5.62135,0.02042,0.7634,0.00116,0.32387,0.00143,0.41293,0.00141,13164081.51252,77898084.13972,35189016.01619,3930387752.64662,24774608.53155,1877260829.01259,A
0.52934,0.00018,0.04909,0.00003,0.05071,0.00002,1.60579,0.00002,5.22172,0.03484,5.166,0.02554,0.80532,0.0007,0.43177,0.00164,0.44041,0.00166,12129079.9993,73314251.29495,21976922.56499,1098434885.63698,21774504.08183,1064375837.68246,A
0.72599,0.00009,0.01701,0,0.01378,0,1.02012,0.00016,6.58488,0.001,6.60499,0.00247,0.92694,0.00006,0.32375,0.0012,0.29281,0.00118,9366582.59421,484192.06615,35627082.77725,57464530.16339,32263009.76749,205023703.133,A
0.52555,0.00093,0.03893,0.00001,0.06044,0.00002,1.55171,0.00323,5.7309,0.01021,4.66168,0.01165,0.79722,0.0021,0.40459,0.0024,0.47308,0.00227,11987838.63251,536806696.03048,23231596.10753,342297778.20395,18798731.73067,664054862.27792,A
0.53585,0.0007,0.05741,0.00001,0.04385,0.00002,1.49733,0.00208,4.82328,0.00478,5.01996,0.0121,0.80312,0.00152,0.46551,0.00291,0.42367,0.00249,11957431.67878,51852676.31903,16633181.16252,323871240.0807,22289451.48865,688322588.97164,A
0.55693,0.00071,0.0636,0.00001,0.03708,0.00001,1.348,0.00164,4.69436,0.00579,5.30385,0.01226,0.81396,0.00142,0.47675,0.00264,0.39988,0.00257,11663125.48287,32328299.09112,16131481.11504,285211321.71617,24419193.52819,884852591.67949,A
0.85618,0.00004,0.00952,0,0.009,0,0.53368,0.00023,7.10799,0.00105,7.12602,0.00105,0.94897,0.00004,0.26982,0.00127,0.25677,0.00132,9328657.77635,139209.22584,44445159.01726,493547379.95527,53108440.52769,773278681.7865,A
0.79332,0.00009,0.01914,0,0.01232,0,0.69281,0.00033,6.23385,0.00184,6.72023,0.00176,0.92327,0.00009,0.32961,0.00139,0.27977,0.00121,9755778.933,96562.61485,35173867.51366,189157311.64483,40474742.11979,556002769.08774,A
0.46494,0.00068,0.03128,0,0.04606,0.00002,1.80687,0.00189,6.0994,0.00953,4.99919,0.01017,0.76331,0.00209,0.37924,0.00228,0.42885,0.00218,12828538.86953,445620433.79317,23964863.23518,793188592.12719,21808212.26257,748010650.80702,A
0.58557,0.00121,0.01656,0,0.02013,0,1.35248,0.00645,6.34016,0.00225,6.01107,0.00173,0.83231,0.00193,0.32441,0.00256,0.34953,0.00248,11479811.64247,86404852.59706,38830563.39531,27042867871.385168,27437204.62375,12735127733.2977,A
0.37583,0.00104,0.01853,0,0.0393,0.00001,2.42123,0.00791,6.64428,0.0062,5.30868,0.01475,0.71411,0.00485,0.32,0.00226,0.40855,0.00218,14764616.61202,4134618074.77859,33586831.33221,13294794496.41063,24186234.63815,6243195078.99222,B
0.73786,0.00014,0.03712,0.00001,0.0167,0,0.89294,0.00037,5.755,0.01303,6.76127,0.00734,0.90188,0.00018,0.39786,0.00227,0.27033,0.00208,10134721.71364,58245.22111,16341828.29413,2649513.72626,45324297.14596,960561859.37019,B
0.4297,0.00058,0.07897,0.00004,0.04464,0.00003,1.98486,0.0012,4.8271,0.0165,5.18014,0.03195,0.75198,0.00234,0.49563,0.00186,0.41758,0.00231,13888341.73653,409529479.64976,17913636.15651,1720307028.99759,23133721.17013,5546232773.34503,B
0.32929,0.00043,0.0242,0,0.03784,0.00002,2.5456,0.00049,6.33324,0.01365,5.35967,0.02147,0.68607,0.00343,0.34026,0.00185,0.39663,0.00175,16314290.99277,861115182.77833,38212471.83872,9352918536.48728,25133984.73762,4380846257.410091,B
0.54064,0.00141,0.01589,0,0.02253,0.00001,1.43908,0.00583,6.90352,0.01974,5.91044,0.01909,0.80748,0.00267,0.28829,0.0023,0.32444,0.00254,11956813.4553,60520856.21587,38893156.87483,5606064039.18413,31982060.27733,1738749673.23786,A
0.53309,0.00135,0.03632,0.00001,0.03309,0.00002,1.51405,0.00661,6.05077,0.01696,5.44578,0.01882,0.80453,0.00267,0.38291,0.00285,0.37545,0.00291,12093703.22433,63105326.19281,19454691.5734,1100600037.23389,24908101.05268,1343218015.2761,A
0.67469,0.00096,0.07529,0.00001,0.06362,0.00006,1.16839,0.00495,4.54201,0.00834,4.79169,0.01928,0.86918,0.00161,0.50419,0.00286,0.4643,0.0013,10480898.84132,2305962417.46404,17688325.63649,669936938.92863,18035254.27559,1417503852.66914,B
0.6754,0.0009,0.05997,0.00001,0.05609,0.00003,1.16784,0.0049,5.02675,0.00801,4.8341,0.01655,0.86928,0.00156,0.47239,0.00285,0.46063,0.00228,10419800.69512,3072201747.48398,19653287.89429,949318683.40365,18749778.71739,1548688329.78675,B
0.3287,0.00024,0.02013,0,0.02165,0,2.62834,0.00084,6.32335,0.00239,6.00346,0.00021,0.67978,0.00153,0.33949,0.00077,0.35753,0.00097,16388209.95613,14052752.83559,30756578.28702,254735136.10321,25276567.94106,147862791.92779,A
0.32197,0.00024,0.02778,0,0.02022,0,2.77269,0.00121,6.15367,0.00242,6.11257,0.00046,0.67492,0.00148,0.36811,0.00077,0.34837,0.0011,16815322.56929,25425248.49008,22036511.84169,123791655.02,26688838.5874,191768276.67316,A
0.21876,0.00033,0.02153,0,0.02739,0,3.31825,0.00199,6.2277,0.00704,5.81269,0.00157,0.57798,0.00606,0.33452,0.00204,0.37309,0.00103,20927457.6756,2488127460.47336,29104536.94888,5057653920.64712,24817016.76975,5281553272.48693,A
0.32122,0.00021,0.00656,0,0.01506,0,2.64278,0.00047,7.74202,0.0006,6.62048,0.00024,0.67984,0.00155,0.23218,0.00053,0.32149,0.00095,16417262.47799,244133921.65311,50847920.90764,4832670150.10886,30254522.00216,1174252756.02492,A
0.42401,0.00024,0.03227,0,0.01315,0,2.05794,0.00051,5.69355,0.00453,6.63929,0.00247,0.74501,0.00092,0.39408,0.00089,0.29411,0.00097,14020851.2477,128978247.15811,25537434.86863,845736442.48598,33836554.31359,3359337298.53916,A
0.36164,0.00024,0.02365,0,0.01293,0,2.24504,0.00052,6.11153,0.0049,6.61152,0.00146,0.70362,0.00145,0.35598,0.00086,0.29294,0.00137,15145789.7032,221546420.51375,26818303.95878,1259598451.63156,33347025.48065,3151139326.46537,A
0.76019,0.00013,0.01298,0,0.01278,0,0.8388,0.00058,6.97221,0.00065,6.79982,0.00098,0.91097,0.00014,0.28558,0.00164,0.27437,0.00134,9990539.55189,727530.84987,56379148.13139,212920727.0016,57657497.4956,656687588.3118,A
0.5266,0.00128,0.14527,0.00004,0.05997,0.00001,1.63062,0.00745,3.70232,0.00142,4.65724,0.00444,0.79802,0.00274,0.61458,0.00253,0.49351,0.00208,12207286.08254,409685410.89214,12405288.24403,291884985.08232,19115186.77756,1556341334.44339,A
0.80124,0.00009,0.01461,0,0.02165,0,0.71003,0.00036,7.09637,0.00118,6.24009,0.00572,0.92745,0.00009,0.29691,0.00127,0.34048,0.00119,9682123.91589,286070.68118,29390372.45687,184027358.25772,33527578.48095,80863793.90055,A
0.63025,0.00122,0.09483,0.00001,0.05437,0.00002,1.26416,0.0069,4.34019,0.00698,4.76793,0.01336,0.85281,0.00186,0.53528,0.00376,0.45844,0.00347,10994500.72572,318251180.02681,13043646.39884,1052284313.31583,20160267.50543,5735972610.66074,A
0.85493,0.00005,0.06312,0,0.00425,0,0.5052,0.00026,4.68668,0.00167,8.21052,0.0008,0.94715,0.00005,0.5,0.00215,0.17213,0.00082,9319847.24175,462168.42023,18524032.69672,8293816.95924,87724831.86096,3452776391.62498,A
0.6801,0.00082,0.08824,0.00001,0.05097,0.00002,1.0132,0.00324,4.48301,0.00804,4.97385,0.01722,0.87402,0.00105,0.52642,0.00213,0.45328,0.00156,10546800.69789,69486750.38039,15981427.66398,188188851.40736,20214983.6008,736017823.81641,A
0.16879,0.00006,0.00814,0,0.04641,0.00002,3.3786,0.00112,7.36526,0.00628,5.2409,0.02239,0.54822,0.0041,0.2565,0.00447,0.45287,0.01122,22398676.77099,2202534261.27048,42059220.34098,11961846325.53,23320790.24911,3690828453.74623,A
0.68753,0.00083,0.07139,0.00001,0.06077,0.00003,1.15281,0.00516,4.73834,0.00761,4.74392,0.02043,0.87592,0.00132,0.49638,0.00375,0.46327,0.00336,10453922.31872,1007726107.19248,18197445.61543,1007366103.32436,19323591.72935,1448652282.60103,B
0.70511,0.00098,0.05498,0.00002,0.04526,0.00003,0.97405,0.0049,4.99102,0.01509,5.12131,0.03113,0.88538,0.00121,0.45158,0.00262,0.41738,0.0022,10314722.84491,248112702.52508,19768192.9868,1308481282.27005,22557890.87907,2619029161.13864,B
0.59067,0.0003,0.03123,0,0.01658,0,1.62112,0.00162,6.04124,0.0015,6.53304,0.00151,0.83202,0.00062,0.38992,0.00107,0.3321,0.00096,11695301.94504,81491663.13659,30425022.45453,930750165.18206,39511760.77895,2590143058.8418,A
0.64324,0.0002,0.0189,0,0.01476,0,1.19567,0.00058,6.53124,0.0095,6.813,0.01072,0.86106,0.00032,0.31411,0.00114,0.28003,0.00084,10929138.33458,228670.39763,49370104.49754,102816911.36773,38298509.35015,205532866.34909,B
0.28518,0.00017,0.02676,0,0.02153,0,2.88792,0.00063,6.03513,0.00723,6.00634,0.00056,0.64798,0.00164,0.36373,0.0008,0.35411,0.00092,17653647.94298,23472042.64777,27904418.2425,109873967.47664,27106098.56322,175381582.27142,B
0.28117,0.00008,0.06319,0,0.04055,0,3.32553,0.00004,5.16682,0.00681,5.35795,0.00019,0.63944,0.00114,0.47572,0.00085,0.42264,0.00112,18937849.56793,320177734.12174,17088082.40828,300019802.47451,22982821.72736,1497494701.51829,A
0.4578,0.00178,0.02092,0,0.05978,0.00001,1.85965,0.00898,6.50274,0.00424,4.59715,0.00864,0.75342,0.00489,0.34031,0.00375,0.47963,0.00276,12743954.8688,2441688013.25968,36033744.66224,1627638452.20376,18636344.26618,525865569.12945,A
0.51056,0.00147,0.0543,0.00001,0.06164,0.00003,1.56794,0.00614,4.9468,0.00794,4.56621,0.01338,0.78605,0.00327,0.46448,0.00279,0.47642,0.00216,12071731.61304,629141561.55052,19258300.63333,258162587.31826,18433059.63201,502604409.86486,A
0.48329,0.0017,0.0272,0,0.05873,0.00003,1.85577,0.00974,6.19885,0.00331,4.63789,0.01331,0.76935,0.00434,0.35981,0.00399,0.46508,0.00296,12382307.30704,4168653921.11468,31097997.67459,789240995.2025,18936310.24216,373275092.82321,A
0.6671,0.00023,0.04053,0.00001,0.02283,0.00001,1.11681,0.00064,5.61024,0.01235,6.17251,0.01376,0.87273,0.00036,0.41231,0.00173,0.33174,0.00158,10730810.83657,91395377.97873,25970162.88213,2337824791.46497,35207382.80336,6647634127.49171,A
0.45582,0.0005,0.01325,0,0.00721,0,1.97055,0.00223,6.82718,0.00148,7.81349,0.01684,0.75759,0.00159,0.25943,0.00274,0.23478,0.00226,12980459.10431,989226638.7083,48321069.94116,7953349374.56886,75427159.6159,7214170453.01803,A
0.31301,0.00028,0.02316,0,0.05823,0,2.56101,0.00125,6.09374,0.00109,4.73601,0.00203,0.67186,0.00239,0.35926,0.002,0.49206,0.00201,16099372.39661,476914605.52334,23055295.10006,5024676195.69633,13814319.19971,1357286409.66815,A
0.3247,0.0003,0.0129,0,0.01506,0,2.4669,0.00067,6.78793,0.00025,6.65273,0.00086,0.67434,0.00239,0.27867,0.00221,0.29622,0.00172,15782689.16012,169815575.04818,45223170.89723,1890021180.21773,43565197.68785,3749601649.54739,A
0.63169,0.00038,0.04842,0,0.01347,0,1.22275,0.00076,5.50954,0.01026,7.18615,0.01303,0.85418,0.00061,0.43154,0.00149,0.2707,0.00082,11175773.73014,318346.37169,23845608.72265,3896358.66839,45364767.05185,97065902.62744,A
0.32144,0.00047,0.02786,0,0.01229,0,2.37829,0.00218,5.97286,0.0027,6.77069,0.00624,0.67069,0.00349,0.36432,0.00182,0.2716,0.00127,15870411.48566,412371940.92792,32429914.17609,7323261152.91368,47939237.68128,18938660232.352908,B
0.37966,0.00061,0.03761,0,0.03141,0,2.12574,0.0036,5.64842,0.00222,5.73267,0.00636,0.71482,0.00278,0.40593,0.00175,0.39371,0.00176,14596194.16709,469954978.12132,27423289.90893,4666352334.15854,30544961.66164,3513082110.3377,B
0.31414,0.00055,0.03068,0,0.02736,0,2.59412,0.00326,5.99449,0.0032,6.05076,0.00754,0.66808,0.00378,0.37161,0.00198,0.35573,0.00134,16397122.27704,995426830.5357,31579209.82172,5678602218.07738,29458385.46162,4032413828.45042,B
0.60972,0.0014,0.10406,0.00004,0.05428,0.00001,1.30206,0.0079,4.25388,0.00245,4.86425,0.00351,0.8409,0.00214,0.56325,0.00352,0.47709,0.00259,11322615.92773,402471580.33344,14946720.37401,302286863.0156,21475066.30748,296736035.84325,A
0.64175,0.00143,0.11015,0.00005,0.05931,0.00001,1.17457,0.00752,4.10905,0.00276,4.81461,0.00319,0.85701,0.00199,0.57487,0.00367,0.4887,0.00257,11007367.60433,221172986.58704,14450358.9449,298540472.84941,20157009.09754,288117228.53142,A
0.63173,0.00132,0.13587,0.00005,0.05184,0.00001,1.19995,0.00638,3.67112,0.00194,5.04492,0.00438,0.85228,0.00188,0.61321,0.00314,0.46274,0.00189,11053463.96256,218366341.21727,12547698.45471,207245393.14777,18498354.92609,373393129.6611,A
0.48195,0.00129,0.02594,0,0.02413,0,1.61286,0.00538,6.17298,0.00103,6.33281,0.00024,0.77545,0.00307,0.36662,0.00128,0.36813,0.00095,12924614.21505,686128749.55051,34853866.30014,9837197776.20702,32451790.93599,6630473037.57428,A
0.493,0.0003,0.02717,0,0.01487,0,1.93988,0.00144,6.1432,0.00481,6.79729,0.00163,0.78216,0.00084,0.36015,0.00115,0.30677,0.00101,12968577.80932,5363092.01782,33235127.43633,23419719.22863,37459761.84823,5831577.61723,A
0.75228,0.00016,0.07248,0,0.05333,0,0.92776,0.00119,4.83994,0.00095,5.2438,0.00056,0.9032,0.00024,0.51504,0.00138,0.47753,0.00122,10145058.32799,20158234.1055,19076068.97166,22707469.77754,23762234.04331,68931777.12293,A
0.77199,0.00013,0.06846,0,0.03696,0,0.86708,0.0008,5.01419,0.00092,6.09481,0.00096,0.91074,0.00019,0.50373,0.00125,0.4051,0.00088,10000426.2149,89337393.86433,20006211.11422,76622793.70681,31247304.20487,399534538.43129,A
0.775,0.00014,0.0858,0.00001,0.06098,0,0.87239,0.00083,4.74829,0.00084,4.99403,0.00114,0.91249,0.0002,0.53666,0.00123,0.50488,0.00136,9962664.87027,16330397.77797,17849443.20645,21741885.51739,20714639.94907,41514129.04115,A
0.4035,0.00095,0.09905,0.00001,0.03265,0,2.22202,0.00697,4.09742,0.00379,5.69947,0.00382,0.72645,0.00343,0.5544,0.00281,0.39709,0.00179,14000360.25494,1238459739.32594,14888455.77902,408650436.66726,31387789.52901,1800005968.01806,A
0.44975,0.00025,0.06334,0,0.02872,0,1.83338,0.00083,4.87245,0.00068,5.81598,0.00142,0.76591,0.00092,0.49485,0.00122,0.39436,0.00096,13314891.89051,227700960.37436,19453619.23871,893684836.14259,29048993.66116,1632466134.95932,A
0.52711,0.00053,0.1207,0.00001,0.11307,0,1.54508,0.00195,3.86967,0.00006,3.99456,0.00055,0.85968,0.00062,0.60206,0.00157,0.59216,0.00093,12189520.52011,263086602.81103,13536365.77029,557342612.92542,10447936.94799,490413326.60663,A
0.57272,0.00094,0.10854,0.00001,0.03915,0,1.39029,0.00392,3.93807,0.0001,5.26914,0.00037,0.82482,0.00176,0.59248,0.00162,0.45152,0.0014,11584866.52049,547409348.7305,13870457.14712,464689986.4842,23555013.90419,1270302710.27874,A
0.53516,0.00067,0.11221,0.00001,0.0729,0,1.42351,0.00159,4.02019,0.00005,4.60546,0.00094,0.81108,0.00151,0.59079,0.00163,0.52018,0.00107,12101824.35085,227649276.68679,13964408.35266,533204950.27167,17617467.09498,963329621.2074,A
0.55628,0.00053,0.10875,0,0.04814,0,1.44316,0.00222,3.96232,0.00026,5.01244,0.00054,0.81805,0.00107,0.58388,0.00151,0.47282,0.00132,11921380.81068,109489695.02048,14119364.2722,135484097.38798,21720154.85751,415704172.62546,A
0.47514,0.00032,0.05829,0,0.02421,0,1.85823,0.00146,4.96199,0.00102,6.04442,0.00298,0.77758,0.00105,0.47616,0.00162,0.36532,0.00121,13123490.14756,255406310.79552,20510767.90607,1180906910.81627,31901923.23578,2508513087.98659,A
0.55552,0.00065,0.0887,0,0.03408,0,1.33712,0.00166,4.24947,0.00084,5.64934,0.00152,0.81811,0.00127,0.55093,0.00192,0.41282,0.00114,11821765.69124,137641607.70881,15686770.29432,363857070.16152,26606333.85632,831200530.031,A
0.51952,0.00042,0.03556,0,0.03038,0,1.76922,0.00272,6.1617,0.00045,5.77811,0.00056,0.80445,0.00121,0.40349,0.00095,0.41362,0.00098,12292206.1085,50547162.09069,29814834.15533,711244459.82461,27452298.97071,175976275.44616,A
0.57399,0.00035,0.05711,0,0.03459,0,1.60902,0.00181,5.24387,0.00028,5.57762,0.00056,0.82914,0.00086,0.47998,0.00121,0.43214,0.00108,11666641.96562,243811761.65216,21662020.99105,1406367305.16374,26180918.91024,1831776055.02507,A
0.51148,0.00065,0.06112,0,0.02885,0,1.56907,0.0026,5.24142,0.00083,5.88732,0.00156,0.79522,0.00157,0.485,0.00121,0.40013,0.00106,12414199.45847,165098445.28876,20739252.86309,775165447.57022,29482748.70181,901971339.35117,A
0.50768,0.00057,0.04856,0,0.03283,0,1.73305,0.00354,5.5211,0.00077,5.75463,0.0013,0.79596,0.00146,0.45058,0.00103,0.41675,0.00101,12534399.72879,212189556.31404,23959487.28295,725622996.42081,28220624.87951,989376189.89794,A
0.37954,0.0004,0.03359,0,0.0135,0,2.05106,0.00173,5.96692,0.00294,7.05058,0.00435,0.724,0.00207,0.39429,0.0015,0.29105,0.00086,14412567.07143,277958189.04103,29095884.10919,2258825912.37658,46815036.00067,3947513794.66431,A
0.57274,0.00034,0.0567,0,0.01729,0,1.34633,0.00084,4.89484,0.00108,6.57194,0.00176,0.82663,0.00072,0.48512,0.00144,0.32945,0.0008,11472501.94819,69578397.43721,19948051.67506,201254729.09296,37957827.23573,747897329.49346,A
0.51583,0.00043,0.0577,0,0.02095,0,1.76291,0.00271,5.10931,0.00069,6.35171,0.0031,0.83329,0.00072,0.48111,0.00119,0.35427,0.00082,12306395.72204,251654597.84394,20881302.47288,1317943621.05768,36737854.45792,2597428327.82783,A
0.33575,0.00039,0.0371,0,0.01471,0,2.27911,0.00144,5.74137,0.00154,7.02086,0.00521,0.69104,0.00248,0.41044,0.00109,0.29208,0.00068,15510144.7817,383622759.42576,26983058.89548,2882369713.09384,51336941.1258,4329221973.75884,A
0.31713,0.00035,0.06196,0,0.03865,0.00001,2.4527,0.0013,5.21263,0.00264,5.76442,0.02571,0.68239,0.00263,0.469,0.00136,0.40414,0.00119,16181687.52213,334186131.19258,21424060.58542,1021755700.56298,22903239.83912,2265383646.52622,A
0.54554,0.0002,0.06057,0,0.03541,0,1.58223,0.00081,4.96478,0.00216,5.51803,0.00254,0.85006,0.00036,0.48364,0.00147,0.42383,0.00108,11404070.30886,203684494.50315,19751307.75509,1022031945.26996,21353115.28281,1227564960.58216,A
0.53994,0.0003,0.15678,0.00001,0.08582,0,1.50547,0.00076,3.40928,0.00091,4.2655,0.00041,0.81132,0.00065,0.63498,0.0017,0.55853,0.00118,12069144.25734,49393212.75878,11593159.17524,58398915.57094,15686379.15696,175134754.31807,A
0.53544,0.00039,0.05976,0,0.05488,0.00001,1.70201,0.00187,5.25582,0.00179,5.07783,0.0017,0.80594,0.00087,0.47534,0.0013,0.48192,0.00101,12308645.43458,60930589.66248,21378116.5244,73168504.24833,17996094.06287,1621443311.75662,A
0.65722,0.00028,0.06289,0,0.02797,0,1.15431,0.00081,4.77389,0.00021,5.78216,0.00042,0.8948,0.00022,0.50575,0.00139,0.40256,0.00107,10144329.62103,38638520.58024,19122048.87883,125836256.49701,27172717.58334,6862233585.03667,A
0.6602,0.0003,0.06265,0,0.03556,0,1.16356,0.00105,4.94567,0.00062,5.50101,0.00096,0.86775,0.00054,0.49997,0.00154,0.43322,0.00121,10245558.43643,186064743.61889,19464974.13628,1122091764.04458,23654243.66478,2229150324.14122,A
0.31253,0.00019,0.028,0,0.01032,0,2.49737,0.00007,5.80825,0.00156,6.98372,0.0009,0.6714,0.00158,0.37185,0.00145,0.26463,0.0011,16216327.36452,106074004.35974,29688146.29049,2082282129.74191,37970552.70423,2902817353.44288,A
0.37104,0.00053,0.0441,0,0.02814,0,2.22226,0.00216,5.53879,0.00013,5.89636,0.00098,0.71533,0.00238,0.43984,0.00133,0.39706,0.00099,14899913.09358,85251521.75826,24752432.12884,639635665.06287,30308422.29261,6988650075.99641,A
0.44967,0.00036,0.05711,0,0.02846,0,1.92113,0.00163,5.03477,0.00049,5.78809,0.00091,0.76825,0.00144,0.48311,0.00122,0.39835,0.00103,13246115.98944,79210920.08918,20430896.22227,789592564.77565,21794109.63352,873678117.33378,A
0.36046,0.00041,0.04346,0,0.03212,0,2.22559,0.00229,5.53041,0.00071,5.77948,0.00151,0.71106,0.0022,0.4367,0.00123,0.40364,0.00089,15142129.34682,120804353.37698,24467334.19254,317954048.47216,21586478.52454,4468131047.9662,A
0.41411,0.00042,0.03871,0,0.03954,0,2.33902,0.00371,6.23502,0.00033,5.5925,0.00097,0.74788,0.00183,0.4007,0.00115,0.44047,0.00111,14236036.19353,402768394.97367,30615487.48304,1928231373.7509,27771393.93071,1089633091.38143,A
0.44395,0.00043,0.04672,0,0.0343,0,1.96968,0.00167,5.65594,0.00046,5.51289,0.00088,0.75809,0.00129,0.44361,0.00121,0.43318,0.00121,13543366.58187,69042902.44412,24759122.85871,281749867.93766,21285146.50641,1351779622.92937,A
0.50085,0.00035,0.0569,0,0.02306,0,1.65841,0.0012,4.98147,0.00064,6.22139,0.00133,0.79004,0.00099,0.48455,0.00119,0.35873,0.00078,12466530.32706,143834132.87382,20507041.81347,636655078.88287,33109261.06067,1973881002.03273,A
0.57632,0.0004,0.06042,0,0.02248,0,1.36546,0.00079,5.11309,0.00073,6.35967,0.00069,0.82547,0.00079,0.48958,0.00125,0.35363,0.00093,11667320.60517,44368338.07157,20783411.26903,89726094.0456,33776269.34739,5725696627.62685,A
0.591,0.0004,0.05343,0,0.02595,0,1.31497,0.00148,5.44797,0.00093,6.00341,0.00108,0.83293,0.00074,0.46594,0.0012,0.39098,0.00105,11483285.55101,202916254.86478,22905330.90019,1681200042.48806,31123500.80379,3045976701.12876,A
0.45488,0.00026,0.07029,0,0.0313,0,1.92557,0.00068,4.75253,0.00053,5.73485,0.00063,0.77583,0.00132,0.51379,0.00154,0.40761,0.00094,13160277.03175,291484515.00068,18278019.69857,984194975.213,25058233.48661,2407948579.14007,A
0.61268,0.00035,0.06819,0,0.03958,0,1.27699,0.00109,4.82182,0.00072,5.39634,0.00061,0.84618,0.00072,0.51067,0.0015,0.44946,0.00109,10830298.03684,65268322.67352,18619755.2935,319065565.33583,24184580.51613,497103248.99706,A
0.60584,0.00048,0.0476,0,0.02004,0,1.20349,0.00101,5.32114,0.00879,6.31486,0.01169,0.84032,0.00083,0.43823,0.00162,0.32841,0.00122,11263883.97844,36501100.8855,22749604.96434,525537538.22934,38332321.2156,330207427.86889,A
0.64106,0.00034,0.05239,0,0.02938,0,1.23737,0.0011,5.3833,0.00236,5.90721,0.00322,0.85882,0.00052,0.44929,0.00116,0.38051,0.00088,11098037.00723,346312.23105,23628120.1032,26057822.70255,33288515.25468,100915176.71542,A
0.6411,0.0003,0.03456,0,0.02598,0,1.26582,0.00079,6.06981,0.00238,6.04416,0.00379,0.85829,0.00048,0.3869,0.00101,0.36901,0.00103,11110130.89193,231064.08313,30931876.19746,52846289.31894,31884398.96315,51802278.98796,A
0.67975,0.00027,0.04356,0,0.04039,0,1.24914,0.00118,6.27058,0.00144,5.56309,0.00223,0.87477,0.00041,0.39471,0.00095,0.42871,0.00107,10857560.31048,1444318.1869,31891590.84309,11513470.3672,25753949.10177,2720035.44511,A
0.60176,0.0003,0.04618,0,0.03492,0,1.52266,0.00086,5.92898,0.00234,5.69976,0.00193,0.83917,0.00059,0.42014,0.00103,0.40772,0.001,11688543.89079,907423.20672,27733746.54345,20179279.22281,27684090.2902,5605491.69146,A
0.5713,0.00032,0.04767,0,0.01804,0,1.46526,0.00068,5.23557,0.00244,6.26824,0.00507,0.82363,0.00065,0.44262,0.00127,0.32333,0.00101,11881456.52665,1937385.35508,23346743.15889,8979671.07687,39901403.50665,497814741.17403,A
0.65191,0.00025,0.06115,0,0.02622,0,1.2299,0.00072,4.99931,0.0038,6.10213,0.00653,0.86296,0.0004,0.47835,0.00142,0.36098,0.00108,11029113.50618,1118390.89546,20350814.51836,9969382.43508,32077623.18028,3705452.77114,A
0.52568,0.0006,0.0449,0,0.03379,0,1.59478,0.0015,5.38066,0.00496,5.67487,0.00697,0.80423,0.00153,0.429,0.00296,0.39414,0.00316,12148502.33662,656917363.12198,11358410.97433,5098218982.17902,27547871.31359,27109414263.03,A
0.36196,0.00036,0.03437,0,0.02245,0,2.32384,0.00113,6.10993,0.0022,6.37545,0.00198,0.70706,0.00212,0.38134,0.00153,0.34679,0.00131,15379576.90574,988533236.18658,30421866.44087,1112059895.287,37082425.03737,3715763336.95314,A
0.39233,0.0004,0.03093,0,0.02178,0,2.09337,0.00078,6.09107,0.0067,6.67077,0.00327,0.72702,0.00204,0.3662,0.00153,0.32793,0.00109,14535581.87522,557730915.4503,31627298.07139,1536244946.9885,40016354.31786,3892555657.56873,A
0.45091,0.00051,0.03649,0,0.01619,0,1.77516,0.00102,5.85759,0.00419,7.01732,0.00425,0.76424,0.00173,0.39233,0.00142,0.29472,0.00101,13464333.60391,259150020.6081,28458095.31481,1230246704.53487,42873786.27875,5664653370.98108,A
0.41514,0.00045,0.036,0,0.02551,0,1.9878,0.00158,6.00217,0.00309,6.42427,0.00198,0.74256,0.00193,0.38949,0.00161,0.35748,0.00131,14072137.51504,741490489.95061,29301381.2833,1044501382.30978,35981491.51473,3054548218.46481,A
0.59938,0.00058,0.09643,0.00001,0.07559,0.00003,1.26923,0.00091,4.28785,0.01055,4.46284,0.01498,0.83931,0.00108,0.53389,0.00316,0.50402,0.00292,11374954.29244,62796832.97259,15710082.14882,372757998.21322,16980849.03867,425257172.85314,B
0.6224,0.00015,0.11652,0.00002,0.09811,0.00003,1.44436,0.00013,4.27261,0.00609,4.05838,0.00861,0.85153,0.00068,0.56314,0.0029,0.55036,0.00294,11201371.03972,78921398.93751,14694033.72584,326951740.48951,15255469.32758,297193667.51864,B
0.56328,0.00039,0.13135,0.00006,0.10864,0.00002,1.50777,0.00063,4.06672,0.00753,4.0702,0.00877,0.82556,0.00117,0.58188,0.00334,0.55904,0.00341,11850165.6691,129825101.10993,13714107.37594,254783574.29586,14630657.8313,275266746.61528,B
0.58145,0.00047,0.08991,0.00001,0.04521,0.00001,1.38165,0.00062,4.35404,0.01025,5.28715,0.01864,0.83236,0.00111,0.52329,0.00321,0.42519,0.00299,11658222.20694,61351333.68934,16259115.2936,374429268.35111,23571358.35873,1099273574.2463,B
0.6564,0.00015,0.16045,0.00011,0.14428,0.00002,1.29611,0.00022,3.83273,0.00245,3.63057,0.00498,0.86724,0.00058,0.61887,0.00317,0.61367,0.00276,10898039.06407,91804878.05538,12388963.51156,203876783.57307,12392955.22485,214329215.33959,B
0.63656,0.00015,0.09065,0.00001,0.0586,0.00003,1.29301,0.00015,4.34335,0.0096,5.05398,0.01954,0.85719,0.00058,0.52478,0.00314,0.45584,0.00226,10878160.51895,90701301.61556,16182819.05272,388840729.67673,19793615.28941,737323706.71353,B
0.56328,0.00039,0.13135,0.00006,0.10864,0.00002,1.50777,0.00063,4.06672,0.00753,4.0702,0.00877,0.82556,0.00117,0.58188,0.00334,0.55904,0.00341,11850165.6691,129825101.10993,13714107.37594,254783574.29586,14630657.8313,275266746.61528,B
0.61828,0.00055,0.12701,0.00009,0.09023,0.00006,1.36672,0.00152,4.27719,0.00411,4.22662,0.01396,0.84845,0.00098,0.57115,0.00363,0.51878,0.00573,11326807.14329,57172331.49959,14541301.71913,264683116.47435,17762177.6084,510318301.32963,B
0.62608,0.00018,0.11927,0.00003,0.04453,0.00001,1.34588,0.00026,4.21156,0.0075,5.35089,0.01235,0.85304,0.00069,0.56542,0.00309,0.41168,0.00416,11047628.83283,90573749.37407,14402101.95717,312769435.48433,25458320.12429,1692145756.19411,B
0.60127,0.00017,0.1136,0.00003,0.08574,0.00002,1.45635,0.00006,4.28302,0.00935,4.35958,0.00988,0.8671,0.00036,0.55721,0.00319,0.52358,0.0033,11331990.62156,81440334.51012,14842577.58442,336796981.26714,16388008.63594,326729364.03882,B
0.58939,0.00046,0.12797,0.00003,0.09862,0.00003,1.45881,0.00137,4.07558,0.00518,4.11351,0.00792,0.83686,0.00107,0.58088,0.00302,0.55155,0.00284,11705254.48832,67325215.93221,13808237.54627,324730203.82923,15198618.73577,358657422.77994,B
0.60011,0.00044,0.12907,0.00004,0.10616,0.00003,1.40592,0.001,4.04011,0.00576,3.96284,0.00737,0.84232,0.00103,0.58251,0.00332,0.56628,0.00336,11407429.53953,91194994.59239,13738164.0038,272377578.44321,14552855.7407,339814455.63785,B
0.60005,0.00044,0.13239,0.00004,0.08236,0.00002,1.39158,0.00113,4.00388,0.00448,4.44946,0.00987,0.84364,0.00105,0.58833,0.00306,0.5206,0.003,11389284.01653,90370037.40105,13510501.49236,279419948.46125,17234560.1961,516301373.60533,B
0.51138,0.00072,0.07201,0,0.01819,0,1.52751,0.00134,4.67279,0.00151,6.53335,0.0028,0.79614,0.00185,0.506,0.00204,0.32228,0.00145,12495028.05078,231041403.39026,18169075.84515,532311536.22548,34547859.60113,3260807231.25647,A
0.4879,0.00071,0.05457,0,0.01551,0,1.6622,0.0019,5.1199,0.00273,6.70215,0.00194,0.78321,0.00205,0.46447,0.00174,0.30846,0.00119,12848365.00234,364067645.65926,21257373.1226,454779339.08821,38677792.55395,4503080797.28691,A
0.45605,0.00074,0.04661,0,0.01628,0,1.93567,0.00233,5.47156,0.00102,6.74663,0.00121,0.76458,0.00245,0.44005,0.00166,0.30919,0.00113,13408804.94936,1209799504.9806,24223053.70591,796256373.00706,38011509.80307,2768404459.56148,A
0.47015,0.00072,0.04999,0,0.01329,0,1.68711,0.00205,5.18571,0.00344,6.93877,0.00235,0.7733,0.00222,0.45032,0.00182,0.28888,0.00107,13076781.90371,321320660.83055,22195588.12669,668165268.84288,44992324.13097,5872056478.53664,A
0.48304,0.00068,0.03655,0,0.01416,0,1.58137,0.00241,5.56019,0.0028,6.73682,0.0037,0.78346,0.00195,0.40717,0.00194,0.30191,0.00131,12861252.5062,223573527.56253,26129936.33191,1615497141.96996,42587581.30017,4245123554.62288,A
0.51544,0.00059,0.0388,0,0.0154,0,1.52273,0.0017,5.47669,0.00297,6.65588,0.00355,0.80095,0.00148,0.41582,0.00164,0.30825,0.00113,12480355.20974,183854409.25719,25544843.49404,917085696.82178,38877720.27876,2738191502.74638,A
0.40332,0.00055,0.03495,0,0.0096,0,1.79629,0.00092,5.63908,0.0056,7.12734,0.00457,0.73374,0.00273,0.39521,0.00159,0.24786,0.00107,13928722.18138,103340942.80188,26587985.92206,1081200840.16553,53331734.92029,5235354062.7318,A
0.37261,0.00047,0.03289,0,0.02242,0,1.95693,0.00091,5.86217,0.00613,6.12986,0.00614,0.71365,0.00306,0.38471,0.00167,0.34402,0.00127,14563894.85912,103767497.96475,28179722.73966,1253313078.88877,30565294.82141,735526430.67368,A
0.39701,0.00053,0.04008,0,0.03212,0,1.95361,0.00091,5.67262,0.00462,5.66699,0.00616,0.7327,0.00267,0.41121,0.00184,0.39321,0.00155,14239267.14942,92943878.51258,25813561.06595,987252883.82863,26520063.33985,472280677.01709,A
0.38007,0.00048,0.03665,0,0.02776,0,1.93969,0.0005,5.64118,0.00612,5.81863,0.00571,0.718,0.00287,0.39896,0.00172,0.37204,0.00147,14484118.75133,97303024.33647,26260065.04439,792760226.08167,27743944.39777,725568280.71274,A
0.6349,0.00026,0.04278,0,0.01013,0,1.29641,0.00073,5.82598,0.00246,7.87299,0.00021,0.85431,0.00046,0.42387,0.00122,0.23154,0.0005,11260087.65971,5566014.45788,27321264.28931,3525317.99783,83035402.0631,820310713.35359,B
0.72831,0.00019,0.04941,0,0.01586,0,0.96564,0.00069,5.57962,0.00061,7.40648,0.00057,0.89578,0.00024,0.44897,0.00123,0.28385,0.0007,10336807.51015,843768.40584,25016999.68504,3022615.72892,52663404.53644,142783328.41374,B
0.60633,0.00029,0.03434,0,0.00723,0,1.4005,0.00119,6.03531,0.0015,8.35565,0.00023,0.84205,0.00052,0.39202,0.001,0.20291,0.00038,11492154.20813,2547731.69868,31219752.12578,38529092.81782,91109372.14028,529635443.06952,B
0.61043,0.0003,0.03547,0,0.0087,0,1.34572,0.001,6.06341,0.00173,8.13047,0.00131,0.84373,0.00052,0.39366,0.00096,0.22201,0.00042,11423797.53415,1128350.94164,31066526.79383,33522882.19234,68846600.56957,115803738.18027,B
0.6559,0.00025,0.04212,0,0.01161,0,1.21809,0.00099,5.93035,0.00175,8.02493,0.00092,0.86377,0.00039,0.41789,0.00101,0.23884,0.00039,11008177.50556,1077094.10516,28424497.2555,31092529.5208,67445734.89824,83823669.2421,B
0.64481,0.00028,0.04086,0,0.00752,0,1.22772,0.001,5.90451,0.00157,8.36948,0.00012,0.85994,0.00044,0.41614,0.00109,0.20052,0.00039,11079102.87849,1567015.68288,28504056.95608,13469549.89456,92273558.15698,983909061.85027,B
0.57822,0.00029,0.12304,0.00002,0.10605,0.00001,1.53828,0.00119,5.39325,0.00106,5.26378,0.00039,0.82421,0.00065,0.50326,0.00136,0.49866,0.00115,11975673.56511,152544581.78974,19563740.00967,183869593.14707,21357618.04568,527420460.11426,A
0.54442,0.00031,0.07352,0.00001,0.05694,0,1.58551,0.00135,6.15189,0.00066,6.42303,0.00055,0.80927,0.00077,0.42631,0.00128,0.39286,0.00095,12320347.40294,101552934.74793,27321259.61168,272432678.8485,31487431.34558,1955785267.60092,A
0.55724,0.00029,0.09137,0.00002,0.0649,0,1.59575,0.00132,5.67813,0.00085,6.01141,0.0002,0.81437,0.00072,0.47157,0.00145,0.43073,0.00118,12200329.40277,99160106.19916,22307254.54863,93105951.59611,27273298.98251,739899405.89402,A
0.5371,0.00027,0.08334,0.00001,0.06157,0,1.72133,0.00113,5.96427,0.00138,6.28341,0.00051,0.80484,0.00073,0.44395,0.00131,0.41018,0.00113,12510705.24797,285958387.50724,25072971.55045,212074537.95281,27963433.64513,767128507.4341,A
0.55561,0.00027,0.08578,0.00001,0.07101,0,1.62172,0.00091,6.00868,0.0008,6.20041,0.00056,0.81376,0.00069,0.44085,0.00121,0.42628,0.00101,12254320.9581,155426266.22378,25421772.64596,170655614.07921,23094086.09397,868147492.67378,A
0.57072,0.00029,0.09254,0.00001,0.0695,0,1.55168,0.00123,6.08179,0.00057,6.23166,0.00043,0.82151,0.00064,0.44353,0.00102,0.42831,0.00094,12021943.15163,100354592.64582,24768735.22928,223482849.02755,30655969.00264,936645271.49568,A
0.53582,0.00031,0.09027,0.00001,0.06825,0,1.68196,0.0015,6.04132,0.00092,6.34356,0.00082,0.80426,0.00078,0.44509,0.00126,0.41889,0.0011,12408789.15977,223127464.8907,24579129.03282,230545942.49058,29984999.47852,929312844.57368,A
0.51324,0.00031,0.10033,0.00001,0.07034,0,1.83046,0.00144,5.84083,0.001,6.03372,0.00051,0.79226,0.00085,0.45368,0.0011,0.42266,0.00093,12864686.52853,198368203.87118,23470442.20682,295097840.08457,29229731.16467,632270186.28146,A
0.61274,0.00029,0.07506,0,0.01343,0,1.32219,0.00079,4.8067,0.00163,6.93811,0.00285,0.84387,0.00051,0.5106,0.00133,0.27578,0.00084,11429739.6887,832409.94695,18244845.34977,23611552.72981,51932765.90159,1258867699.56453,A
0.58831,0.00034,0.0513,0,0.01305,0,1.32907,0.00093,5.1438,0.00438,7.03043,0.00361,0.83194,0.00063,0.45223,0.00164,0.27714,0.00089,11615482.03841,638979.31763,22104782.35712,15071131.65963,51688010.30218,402379062.07227,A
0.62683,0.00035,0.05486,0,0.02015,0,1.21074,0.00088,5.10542,0.00299,6.41031,0.00368,0.85168,0.00056,0.463,0.00166,0.32873,0.00097,11179811.29512,471719.56663,21351571.58959,5109675.02329,34324874.68437,24113315.01813,A
0.63046,0.00027,0.05772,0,0.01625,0,1.31422,0.00071,5.35927,0.00128,6.51777,0.00058,0.85048,0.00044,0.47333,0.00119,0.31738,0.001,11352240.75118,397558.70376,21875615.59426,5134967.29379,42648106.29422,409597812.51166,A
0.62437,0.00031,0.074,0,0.0121,0,1.23316,0.00074,4.80855,0.00201,7.20672,0.00245,0.8499,0.00052,0.51001,0.00144,0.26284,0.00077,11232031.43691,678983.27045,18158753.83641,9653788.30049,47077082.16138,546637892.70734,A
0.47636,0.00038,0.04572,0,0.01716,0,1.92971,0.00048,5.61084,0.0114,6.23671,0.00813,0.77222,0.00128,0.41546,0.00177,0.29916,0.00135,13286359.28205,28115085.91408,24977418.26371,105223087.75251,41436349.5279,1618341845.81904,A
0.39896,0.00036,0.02179,0,0.00684,0,2.12014,0.00026,6.62771,0.01394,7.21812,0.00496,0.72666,0.00185,0.32015,0.00129,0.20708,0.00077,14371308.96574,11445623.69978,38882146.76449,79994631.08563,92385212.4734,13899181372.67372,A
0.49121,0.00043,0.05079,0,0.02678,0,1.75982,0.00081,5.56048,0.01397,5.97685,0.01102,0.78322,0.00129,0.428,0.00168,0.34898,0.00145,12845063.29888,4285771.69877,23899465.42232,13409826.8856,45530661.11466,84406791.10694,A
0.4574,0.0004,0.04427,0,0.01762,0,1.95203,0.0006,5.79984,0.01036,6.14389,0.00569,0.76267,0.00143,0.41004,0.00158,0.29089,0.00127,13476716.27968,8248862.95733,25779742.65246,41727993.86829,38060406.56803,4913323642.64562,A
0.69297,0.00028,0.07708,0,0.02535,0,0.95235,0.00081,4.66446,0.0016,6.22315,0.00379,0.88148,0.00036,0.52317,0.0015,0.36487,0.00098,10535890.07238,1216493.79624,17430060.78042,7381490.37022,34417662.58254,24628044.6296,A
0.71579,0.00017,0.04174,0,0.02837,0,1.04492,0.00074,5.94901,0.00074,6.02774,0.00098,0.89232,0.00028,0.4238,0.00104,0.39715,0.0011,10308155.5229,379026.35639,28320273.80596,57806999.28724,27835248.78188,44280657.32305,A
0.66469,0.00023,0.06136,0,0.02805,0,1.13103,0.00062,5.10955,0.00307,5.94677,0.00285,0.87039,0.00038,0.48371,0.00138,0.38615,0.00102,10547128.2827,206384.8339,20392719.74591,11930034.76056,28507428.76162,16008928.44902,A
0.76187,0.00004,0.07854,0,0.02515,0,0.83121,0.00006,4.58096,0.002,6.14161,0.00615,0.90994,0.00012,0.52518,0.0016,0.36742,0.00125,9807602.03337,517814.63352,17251339.6245,3020612.70928,29206766.17914,4584067.38241,A
0.76703,0.00003,0.07991,0,0.01832,0,0.82026,0.00008,4.53932,0.00118,6.64594,0.00249,0.92498,0.00004,0.53257,0.00145,0.32577,0.00102,9746198.52155,874432.27424,16941828.24023,10877783.56215,38477220.9827,18880889.41055,A
0.65525,0.00029,0.04422,0,0.01183,0,1.10543,0.00075,5.64504,0.00264,7.3434,0.0026,0.86416,0.00043,0.43561,0.00116,0.26171,0.0006,10912303.29786,249057.34713,24603210.10253,15331930.30485,51801988.20253,26517627.8454,A
0.68838,0.0002,0.08472,0,0.04004,0.00001,1.06924,0.0008,4.63666,0.00213,5.38822,0.00379,0.88092,0.00032,0.53167,0.00138,0.43586,0.00141,10501322.87255,268671.1358,17030918.02497,18456853.04744,24486507.89011,6679134.06414,A
0.70239,0.00022,0.06352,0,0.01735,0,0.96951,0.00062,5.10612,0.00302,6.76486,0.00392,0.88607,0.00032,0.4886,0.00133,0.31271,0.00091,10510534.38161,339695.89319,19990716.64627,18997781.02579,33737182.532,1088539.58047,A
0.74392,0.00005,0.05619,0,0.01817,0,0.91665,0.00015,5.07611,0.00218,6.48383,0.0036,0.90138,0.00015,0.47355,0.00135,0.32546,0.00095,10160575.43138,286992.01275,20796429.76528,2812007.8592,34124216.13195,28089944.50273,A
0.42726,0.00064,0.02556,0,0.02003,0,1.93119,0.00177,6.12008,0.00351,6.16924,0.00428,0.74536,0.00237,0.35501,0.00192,0.33592,0.0017,13760045.95841,290081316.89398,33320753.13033,2010110680.5702,32159655.08474,3020704282.53907,A
0.46285,0.00076,0.0309,0,0.01824,0,1.81448,0.00289,5.80387,0.00221,6.27296,0.00468,0.76651,0.00228,0.38018,0.00215,0.32116,0.00177,13235497.48137,267540713.89498,30044288.20792,2395197648.86359,36383894.98252,4151983933.02671,A
0.51337,0.00084,0.03803,0,0.02292,0,1.5586,0.00311,5.58549,0.00229,6.06798,0.00411,0.79583,0.00192,0.41409,0.00217,0.35529,0.00181,12424478.71498,236898227.60653,26054548.00082,1146707817.11205,33302875.83837,2709087096.68717,A
0.48302,0.00083,0.04463,0,0.0249,0,1.66286,0.00334,5.46074,0.00312,6.07279,0.00517,0.77742,0.00221,0.43059,0.00257,0.36138,0.002,12853752.85166,203329968.65148,24502087.02201,916661576.58277,32391108.56846,3009078560.56346,A
0.40995,0.0008,0.02463,0,0.01985,0,2.12075,0.00343,6.11754,0.0027,6.1751,0.00494,0.73498,0.00298,0.35234,0.00215,0.33465,0.00178,14241510.03442,607950250.58561,33997708.75284,2557142249.9825,34876487.99646,2888700842.94843,A
0.41928,0.00061,0.02814,0,0.01924,0,1.9219,0.00166,5.99975,0.00456,6.30497,0.00339,0.741,0.00242,0.36797,0.00196,0.33014,0.00167,13837392.08451,298798249.95892,31121697.07799,1968113822.30052,38383804.47008,5144834316.8516,A
0.50891,0.00053,0.04983,0.00003,0.04845,0.00001,1.5244,0.00071,5.22883,0.01476,5.53141,0.00587,0.7898,0.00147,0.43433,0.0015,0.43147,0.0013,12376510.60026,170039793.45188,21310678.17877,1486529600.6212,21199166.3654,3422700838.95579,A
0.4211,0.00034,0.04543,0.00002,0.03937,0,1.93177,0.00047,5.33652,0.01859,5.6709,0.00741,0.74143,0.00191,0.42219,0.0017,0.41612,0.00131,13702366.72541,223942717.56644,20995080.53793,1172267404.87253,24614062.22516,4258054855.1418,A
0.45883,0.00015,0.0351,0.00001,0.03633,0,1.88052,0.00028,5.63675,0.01971,5.75777,0.00901,0.76577,0.00124,0.39206,0.00198,0.40438,0.00151,12954651.29018,196661533.41633,21747266.57323,1651296425.18935,26924411.43959,4753269884.49414,A
0.49143,0.00016,0.0462,0.00001,0.05282,0,1.7324,0.00026,5.4905,0.02141,5.73225,0.00582,0.824,0.00048,0.41759,0.00155,0.43426,0.00107,12401810.28272,174778037.63767,19615401.69785,1356214744.917,25106451.0949,5397321765.00931,A
0.44431,0.00043,0.04501,0.00003,0.04571,0,1.73914,0.00077,5.31999,0.02052,5.57805,0.00638,0.75544,0.00195,0.42185,0.00216,0.43286,0.00162,13118617.18314,202055042.80518,22677565.72834,1558610053.15516,24638671.64268,4570560216.06462,A
0.46418,0.00056,0.06837,0.00006,0.04579,0.00001,1.638,0.00068,4.81555,0.02389,5.39318,0.00942,0.76445,0.00195,0.4773,0.00181,0.43201,0.00177,12940352.92921,181667189.99253,18120547.72117,749914723.4741,23735111.44179,4352125690.28269,A
0.48583,0.00025,0.0267,0,0.01833,0,1.9072,0.00107,6.27326,0.01138,6.66293,0.00738,0.78221,0.00156,0.34802,0.00169,0.31166,0.00139,12678097.4347,303265231.73738,33865779.85123,5384126657.44644,39700267.68029,14726383682.78472,A
0.65755,0.00004,0.05838,0,0.05052,0,1.26733,0.00007,5.45889,0.00296,5.42953,0.00315,0.86413,0.0002,0.45489,0.00127,0.43373,0.00106,10572089.80045,122241.70043,22680866.97147,14226894.16322,25664213.24195,13245772.90573,A
0.60705,0.00008,0.05463,0,0.0183,0,1.50523,0.00021,5.41764,0.0045,6.28922,0.0109,0.84164,0.00044,0.44319,0.00181,0.30742,0.00212,11367242.90081,9745339.50883,23013060.59375,69780450.18513,40572689.0492,1793894215.066,A
0.67025,0.00027,0.03491,0,0.02843,0,1.13825,0.00049,5.70295,0.00375,5.80921,0.00337,0.89937,0.00027,0.39245,0.00207,0.37494,0.00173,10411455.29944,216972557.19203,27091892.94726,4286050141.79827,28446491.22555,6068485672.21314,A
0.68255,0.00014,0.04982,0,0.04577,0.00001,1.11598,0.00029,5.2706,0.00575,5.38665,0.00493,0.87629,0.00038,0.43768,0.00209,0.42738,0.00153,10430907.99656,218692470.67184,22474781.98735,3386721557.78072,21598712.02708,5479980422.21669,A
0.60274,0.00058,0.04372,0,0.04739,0,1.30567,0.00197,5.6625,0.0064,5.58316,0.00564,0.88659,0.00051,0.41301,0.00231,0.42605,0.00195,11176587.18702,242127991.75406,25495726.29237,2751107689.38382,21517320.97068,3658351661.05686,A
0.59251,0.00057,0.07247,0,0.04312,0.00001,1.33333,0.00113,4.89836,0.00785,5.56757,0.00985,0.83353,0.00111,0.48755,0.0023,0.41954,0.00181,11486311.86279,240604770.78708,18934546.21021,1542766182.70764,22822548.44282,3983495421.194,A
0.50055,0.00074,0.03974,0,0.03067,0,1.63147,0.00158,5.74208,0.00962,5.88196,0.00831,0.78659,0.00206,0.40033,0.002,0.38558,0.00182,12528477.88089,361124812.87078,26724567.61404,3091972795.99618,32804395.79124,9358142242.93638,A
0.47792,0.00063,0.02508,0,0.01859,0,1.74388,0.00127,6.15091,0.01215,6.33181,0.01051,0.77335,0.00198,0.33839,0.00186,0.31644,0.00153,12933731.01176,326963804.03295,34184233.00175,5515925056.94729,30841516.19993,11484505707.49729,A
0.53989,0.00075,0.03601,0,0.03592,0,1.6943,0.00218,5.93578,0.0038,5.5309,0.00431,0.80758,0.0018,0.39271,0.0022,0.4147,0.00247,12293350.66583,309323640.82538,28999925.52641,3978777698.50594,31861963.19423,4784370719.29345,A
0.53069,0.00067,0.05098,0,0.03839,0,1.79473,0.00202,5.44924,0.00149,5.58847,0.00291,0.80121,0.00177,0.44008,0.00252,0.41874,0.00233,12563765.33287,324768384.99751,24129205.36382,2448848354.53437,23853167.94376,4039712057.53635,A
0.49741,0.00093,0.02386,0,0.01551,0,1.69525,0.00324,6.32947,0.00324,6.79678,0.00277,0.78262,0.00248,0.35071,0.00193,0.30524,0.00136,12697343.4721,247971559.10924,24055231.91647,2412623872.79295,42901996.7013,22491389694.687032,A
0.38076,0.00042,0.03817,0,0.02336,0,2.0659,0.00053,5.76223,0.00365,6.17747,0.00093,0.72093,0.00238,0.40511,0.0015,0.35218,0.00118,14682292.55895,239779758.62422,27278286.43177,1228647164.55364,34172009.7225,2781542799.36156,A
0.4637,0.00055,0.0576,0,0.02741,0,1.72126,0.00085,4.97987,0.00207,5.90644,0.00081,0.77148,0.00182,0.46892,0.00184,0.37736,0.00133,13239494.3657,211090943.31455,20808786.38447,764497285.94403,29733204.06287,2406310130.48648,A
0.38076,0.00042,0.03817,0,0.02336,0,2.0659,0.00053,5.76223,0.00365,6.17747,0.00093,0.72093,0.00238,0.40511,0.0015,0.35218,0.00118,14682292.55895,239779758.62422,27278286.43177,1228647164.55364,34172009.7225,2781542799.36156,A
0.494,0.00057,0.06865,0,0.03175,0,1.57742,0.00121,4.6804,0.00116,5.69002,0.00161,0.78836,0.00164,0.49667,0.00214,0.40044,0.00159,12741379.53121,170720355.7943,18679349.73263,602454087.29079,27039265.05473,1675431329.8047,A
0.40385,0.00047,0.05005,0,0.03196,0,2.01862,0.00089,5.28606,0.00268,5.70011,0.00292,0.73696,0.00218,0.44448,0.00176,0.39522,0.00132,14345104.01639,413984000.39341,23019426.32068,986196579.00926,28259187.89468,1726780244.15535,A
0.53132,0.00061,0.07724,0,0.03512,0,1.44923,0.00156,4.46706,0.00115,5.50015,0.00131,0.80736,0.00147,0.52118,0.00199,0.41408,0.00157,12279366.09323,221623877.80884,17128257.47914,609077562.40254,24945781.08948,1363306756.05995,A
0.54901,0.00059,0.0741,0,0.03356,0,1.42175,0.00169,4.52176,0.00062,5.54123,0.00151,0.81815,0.00132,0.517,0.00193,0.40947,0.00156,12087188.62487,206164600.74685,17494805.45704,554212118.30993,25797486.83511,1155852305.39652,A
0.54912,0.00062,0.07093,0,0.02516,0,1.37766,0.00149,4.51226,0.00045,5.97818,0.00123,0.81648,0.00137,0.51222,0.00189,0.37013,0.00145,12059236.84969,211986071.0776,17735519.79348,687906803.54315,30195086.63149,2244870126.54932,A
0.54434,0.00069,0.07782,0,0.02591,0,1.37165,0.00173,4.38487,0.00047,5.83553,0.00168,0.8149,0.00156,0.52559,0.00212,0.38103,0.00174,12077843.70197,188694785.50741,16905857.19507,622960496.11918,29464469.06692,2392832409.35147,A
0.46032,0.001,0.1032,0.00004,0.06461,0,1.9672,0.00614,4.79712,0.0159,5.5323,0.01166,0.76372,0.00289,0.52106,0.00229,0.45317,0.00196,13345466.56836,143403180.43803,14024684.2256,28759218.2075,25698983.77138,372878141.83572,A
0.44914,0.00066,0.059,0.00001,0.0281,0.00001,1.79862,0.00186,4.98419,0.00797,5.80267,0.01565,0.75825,0.00216,0.46017,0.00344,0.35958,0.00302,13318302.6467,128974254.07606,20506890.30646,462677425.66364,30776176.82399,2599693232.28736,A
0.43464,0.00078,0.06997,0.00002,0.04234,0.00001,2.01927,0.00486,5.09061,0.00828,5.4351,0.01196,0.74992,0.00267,0.47407,0.00306,0.41819,0.0028,13725185.22042,247158592.64294,20025012.75978,148465100.119,24553904.47183,1163999046.30483,A
0.38448,0.0008,0.04545,0.00001,0.04138,0.00001,2.42434,0.00876,6.10245,0.00571,5.45589,0.01164,0.71802,0.0035,0.40136,0.00311,0.41763,0.00361,14968828.95242,659372674.54114,28295810.16962,332448704.72037,25145297.62821,1121572254.90832,A
0.47444,0.00047,0.06625,0.00001,0.03215,0.00001,1.70067,0.00063,4.82716,0.00997,5.70626,0.01706,0.77291,0.00149,0.4775,0.00263,0.37736,0.00218,12897376.91242,129657996.49951,19032903.0642,620326460.48183,28122805.29711,1826398475.59556,A
0.43833,0.00076,0.06009,0,0.03155,0.00001,2.01639,0.00336,4.99826,0.00787,5.66937,0.02123,0.74961,0.00254,0.46676,0.0031,0.37959,0.00294,13626761.8976,579230446.31512,20046775.33461,473447327.93502,27648728.6022,1398308326.89739,A
0.42574,0.00057,0.05127,0.00001,0.05183,0,2.06241,0.00101,5.34752,0.01594,5.61725,0.01923,0.74051,0.00226,0.43877,0.00201,0.42838,0.00127,13897803.76258,189186384.78979,15680198.50305,94328199.88102,24244551.23767,1566524428.08696,A
0.44953,0.00063,0.07219,0.00002,0.02958,0.00001,1.91871,0.00142,4.91726,0.01508,6.17641,0.024,0.75502,0.00214,0.48444,0.00178,0.3586,0.00154,13444534.48163,148710009.21243,17028341.30332,99478363.27815,34580637.55142,2215026896.37598,A
0.5349,0.00066,0.10844,0.00003,0.09637,0.00001,1.62716,0.00234,4.19094,0.01232,4.87314,0.01131,0.80521,0.00148,0.55923,0.00217,0.51541,0.0013,12244664.59237,62340926.94357,14706524.07945,104017572.28668,17403098.09079,542344953.59787,A
0.48486,0.00045,0.1125,0.00001,0.01919,0,1.69829,0.00051,4.16822,0.01297,6.64116,0.01099,0.78014,0.00142,0.55631,0.00219,0.29169,0.00173,12825817.062,2316382.63243,14590215.77218,63738163.42436,49081755.18266,908016423.11218,B
0.55532,0.00057,0.12566,0.00003,0.03322,0,1.40679,0.00148,4.09323,0.00512,5.86486,0.01076,0.81722,0.00123,0.57436,0.00267,0.36834,0.00305,11855041.69691,36068490.35125,13881484.9549,27967445.06042,26497827.28773,1222803893.39612,B
0.52106,0.00047,0.103,0.00001,0.02063,0,1.51373,0.00082,4.23509,0.01116,6.44424,0.02218,0.79842,0.00122,0.54217,0.00235,0.30901,0.00205,12269295.7913,17070039.41265,15125575.75233,48824318.14678,40998235.7299,1507875599.65605,B
0.47612,0.0005,0.10574,0,0.0218,0,1.7446,0.00085,4.3786,0.01146,6.4096,0.01371,0.77607,0.00158,0.54416,0.00243,0.32109,0.00234,12939908.83402,43889182.46252,15450176.67336,84173389.33221,40009887.96371,510271542.94365,B
0.49472,0.00047,0.11087,0.00001,0.02026,0,1.61671,0.00068,4.11376,0.01449,6.52958,0.01426,0.78502,0.00139,0.55641,0.0023,0.31001,0.00212,12639684.49957,9085331.00593,14451048.45125,50477573.00881,45231796.17146,1624316422.60104,B
0.47774,0.00045,0.05612,0,0.01011,0,1.8085,0.00088,5.28759,0.01233,7.11233,0.01219,0.77418,0.00148,0.44884,0.00209,0.23571,0.0013,13063212.42956,63221424.49153,21841612.34895,24858851.59952,55256248.46538,2925975105.47934,B
0.47078,0.00045,0.05359,0,0.0115,0,1.79367,0.00083,5.31304,0.01022,7.10105,0.01145,0.76989,0.00149,0.44508,0.00202,0.24941,0.00101,13167479.41308,60818588.5262,22287534.016,69974408.41395,61635827.57752,1514110440.93258,B
0.49252,0.00045,0.07056,0.00001,0.01072,0,1.63392,0.00035,4.82895,0.01284,7.15257,0.00947,0.78247,0.00135,0.48418,0.00216,0.2408,0.00123,12691009.48851,18364219.50159,18706451.95797,130188149.80993,57855242.45853,2838897376.10135,B
0.56443,0.00047,0.0967,0.00001,0.01953,0,1.44986,0.00128,4.50441,0.00669,6.48697,0.01446,0.82154,0.00103,0.52927,0.00281,0.30794,0.00274,11853444.6853,25975819.17769,16196017.87172,83292875.70778,40639656.09616,751245072.33371,B
0.45827,0.00049,0.07001,0,0.02521,0,1.81129,0.00094,4.96902,0.01844,6.39234,0.01456,0.76632,0.00172,0.4784,0.00226,0.32993,0.00142,13198848.28842,4422992.18529,19427870.49322,21328758.37412,35667450.4594,414355921.01035,B
0.53694,0.00046,0.09982,0,0.02119,0,1.56999,0.00052,4.37855,0.01067,6.41006,0.00953,0.8075,0.00116,0.54101,0.00232,0.31438,0.00214,12204707.76461,14594550.62352,15544005.69326,47336594.7125,41307531.55981,979040129.32767,B
0.54535,0.00046,0.09153,0.00001,0.02134,0.00001,1.46169,0.0007,4.4315,0.00963,6.44365,0.01731,0.81281,0.00109,0.52467,0.00249,0.31349,0.00174,12010761.15292,13062514.97052,16182695.34027,69461196.65358,39581943.06254,428021627.147,B
0.56804,0.00049,0.13093,0.00002,0.01742,0,1.40042,0.00077,3.91251,0.00736,6.95091,0.00401,0.82469,0.001,0.58445,0.0026,0.26167,0.00309,11772769.52527,4186414.59729,13252463.59237,60855545.38231,54972630.93314,4399920112.78521,B
0.5158,0.0005,0.1077,0.00001,0.04445,0,1.65855,0.00111,4.41452,0.01228,5.8635,0.01302,0.79738,0.00137,0.54476,0.0024,0.3953,0.00188,12449334.25288,47625653.65138,15597629.55978,32427291.15804,27002002.95113,535274662.61021,B
0.69182,0.00046,0.06055,0,0.02727,0.00001,1.00729,0.00148,4.8573,0.00517,5.96008,0.0085,0.88123,0.00071,0.4701,0.0024,0.36244,0.00161,10344851.22085,200431052.22306,19609220.26395,2115338075.35769,28531900.94599,8902338560.68309,A
0.67751,0.00038,0.08619,0,0.04184,0.00001,1.08066,0.00084,4.55481,0.00322,5.43781,0.00542,0.8754,0.00067,0.52007,0.00227,0.42252,0.0018,10515670.26168,188008393.80596,16767457.15442,1275191472.18339,23064840.58802,4887065951.55165,A
0.655,0.00047,0.07072,0,0.0469,0.00001,1.08956,0.00153,4.75808,0.00745,5.1725,0.00945,0.86488,0.00079,0.49117,0.00217,0.43898,0.00221,10656263.83423,213956303.83482,18310657.07904,1664807410.61944,17407839.84502,2503548748.64787,A
0.70459,0.00042,0.08384,0,0.03331,0.00001,0.95462,0.00133,4.36243,0.00435,5.61531,0.00747,0.88598,0.00059,0.52211,0.00254,0.39606,0.00227,10418955.42048,191335374.29439,16295796.43571,1399624380.69816,27128069.36669,7343455254.13728,A
0.56679,0.00022,0.04875,0,0.01865,0,1.43654,0.00058,5.38222,0.00405,6.56475,0.00512,0.82341,0.0006,0.44424,0.00127,0.31592,0.0008,11757747.83584,399157.94411,23318388.77077,19282535.44655,45676825.35857,61214662.47682,A
0.56162,0.00024,0.05247,0,0.01287,0,1.42731,0.0004,5.27088,0.00378,7.06047,0.00396,0.82062,0.00059,0.4533,0.00135,0.2675,0.00077,11949100.07922,856999.5971,22300978.85506,3014747.10932,53849812.05396,577501896.35703,A
0.62643,0.00002,0.05369,0,0.01719,0,1.32652,0.00005,5.22394,0.0035,6.6927,0.00791,0.8699,0.00009,0.45639,0.00144,0.30344,0.0009,10999782.5723,646625.29515,22053517.85163,3995057.38246,38440593.94384,137649377.23538,A
0.655,0.00032,0.05064,0,0.03135,0,1.1756,0.00112,5.44019,0.00477,5.76961,0.00289,0.86431,0.0005,0.44715,0.00174,0.39553,0.00128,10992230.90051,2108348.73432,23676116.65455,23339439.1,30145896.52997,14668301.68315,A
0.70082,0.00002,0.04314,0.00001,0.02135,0,1.14476,0.00007,5.38087,0.00473,6.01585,0.0029,0.88239,0.00014,0.4268,0.001,0.33797,0.00094,10407360.97415,411282.87943,27920322.83517,26688614.93873,36047772.16856,750998928.74883,A
0.6528,0.00003,0.03125,0,0.01982,0,1.31714,0.00007,5.80063,0.00225,6.11234,0.00266,0.87761,0.00009,0.3843,0.00105,0.33636,0.00092,10863343.16938,749291.63804,29790187.26606,15789572.70612,39875004.62774,167835686.55854,A
0.53031,0.00015,0.02691,0,0.01263,0,1.75844,0.00042,6.0189,0.00221,6.35699,0.0033,0.80351,0.00062,0.35868,0.00116,0.27163,0.00085,12478821.18765,1521630.56465,34325440.42775,442176444.80469,60390897.39116,21678859384.12032,A
0.3207,0.00033,0.04606,0,0.01551,0,2.21659,0.00032,5.22813,0.00223,6.56891,0.00118,0.67269,0.004,0.44147,0.00196,0.31576,0.00121,15634167.4626,554811250.37095,22718360.67786,1835527722.49024,38035324.51807,14192678747.2174,A
0.31731,0.0003,0.04238,0,0.01682,0,2.2132,0.00046,5.30951,0.00259,6.59667,0.00072,0.66936,0.00382,0.43316,0.00163,0.32925,0.00099,15720472.58984,578390829.41278,22146249.71647,1542186335.73135,37126737.11425,19766909150.162752,A
0.32994,0.00033,0.04041,0,0.02363,0,2.17009,0.00021,5.33301,0.00281,6.16737,0.0006,0.68049,0.00358,0.43146,0.00185,0.37154,0.00118,15406937.41032,732550826.75849,18826506.95444,1560021342.81918,28467283.19065,10918752631.45336,A
0.30386,0.00027,0.04963,0.00001,0.02407,0,2.32329,0.00016,5.14737,0.00363,6.2184,0.00066,0.65983,0.00393,0.45349,0.00166,0.36566,0.00116,16066414.7535,967463230.3783,19976797.21865,1408879606.83245,29182272.35536,11483643885.75754,A
0.3273,0.00036,0.0433,0,0.0338,0,2.32263,0.00087,5.49143,0.00246,5.90824,0.0004,0.68138,0.00333,0.43549,0.00159,0.41627,0.00121,15665051.19415,861085457.93489,17950418.00961,959571487.39874,28965742.41886,7299620166.29732,A
0.29895,0.00027,0.03333,0,0.01663,0,2.37774,0.00038,5.75093,0.0017,6.5115,0.00025,0.65559,0.00399,0.40305,0.0015,0.33069,0.00107,16429653.92079,1075327075.55111,22005691.21715,1739456985.73555,36709265.25655,13248200088.60031,A
0.30472,0.00022,0.03183,0,0.01127,0,2.18988,0.00012,5.68193,0.00199,7.04305,0.00044,0.65696,0.00399,0.39926,0.00145,0.28544,0.00079,15894748.66488,633898313.33422,22498341.29746,2304778861.05653,45295479.99058,28390830344.945708,A
0.566,0.00029,0.02795,0,0.00866,0,1.42452,0.00027,6.08767,0.00474,7.11588,0.0019,0.82241,0.00068,0.37076,0.00137,0.24046,0.00089,11823212.84095,37533278.5265,30890536.35033,184498703.20717,54275748.80748,4637516246.84814,A
0.58274,0.00028,0.03888,0,0.01355,0,1.40196,0.00057,5.7403,0.00532,6.67376,0.00425,0.83011,0.00064,0.40835,0.00174,0.28294,0.00136,11665687.37394,40323414.05086,26486657.27274,129283960.60382,48764623.67302,3041693209.4367,A
0.5155,0.00027,0.02443,0,0.00895,0,1.66399,0.00016,6.23499,0.00312,7.05098,0.00205,0.79615,0.00082,0.34891,0.00144,0.23777,0.00088,12512824.20733,44109126.23757,34271146.28601,278847124.73662,60784885.3325,8537044072.09958,A
0.5275,0.00028,0.02766,0,0.01024,0,1.65324,0.00022,6.11512,0.00255,6.95914,0.00343,0.80315,0.0008,0.3646,0.00148,0.24981,0.00089,12387559.20213,48449158.33202,32500696.29616,415710580.48161,56781326.13217,7405313454.3289,A
0.53812,0.0003,0.03566,0,0.01138,0,1.5869,0.00053,5.86879,0.00503,6.97776,0.00306,0.80795,0.00076,0.39349,0.00168,0.27007,0.0015,12271634.44353,50363384.71503,28428969.43666,82478818.67916,47966800.74847,3122485397.71461,A
0.55544,0.00029,0.02316,0,0.00728,0,1.48926,0.00036,6.287,0.00374,7.35878,0.00427,0.81702,0.00073,0.34338,0.0015,0.22009,0.00094,11974204.73799,27753998.71027,34406231.82322,246851176.43882,87412577.5539,11274731331.31943,A
0.37236,0.00037,0.02558,0,0.02037,0,2.2638,0.00059,6.26232,0.00399,6.18147,0.00272,0.70988,0.00216,0.35695,0.00139,0.34046,0.00128,14981258.56885,166654709.4511,34040429.1485,2445889372.33401,34841140.71431,1630374400.23039,A
0.34882,0.00019,0.0274,0,0.01501,0,2.24167,0.0002,6.13139,0.00377,6.90229,0.00262,0.69572,0.00199,0.36107,0.00147,0.29233,0.00105,15284832.81559,111488750.4825,32275482.69074,1807690882.20277,45544474.56118,5697427037.49862,A
0.36737,0.00035,0.02504,0,0.02053,0,2.11335,0.00036,6.42648,0.00429,6.19515,0.00172,0.70515,0.00235,0.34819,0.00145,0.33985,0.00133,14792133.34117,91117646.99534,35133692.54199,2217897591.60816,34696180.11929,2037411898.79624,A
0.39872,0.00039,0.03279,0,0.02332,0,2.07283,0.00057,5.96807,0.00352,6.1041,0.00177,0.72629,0.00194,0.38587,0.00156,0.35389,0.00135,14317356.4431,94622535.09323,29682738.13718,1618960721.82429,32301625.62447,1437747851.61972,A
0.37734,0.00036,0.02664,0,0.0172,0,2.05646,0.00034,6.25864,0.0031,6.42116,0.00231,0.71185,0.00221,0.35921,0.00142,0.31593,0.00127,14564438.48147,84833047.61255,33151581.53795,2018454812.14497,38732997.86828,2272484114.43636,A
0.41345,0.00042,0.03112,0,0.0241,0,2.01512,0.00069,6.00182,0.00277,6.0095,0.00395,0.73626,0.00192,0.38031,0.00173,0.36032,0.00161,14027121.65095,99328872.7482,30448468.54495,1836452184.92085,31207237.50732,1310253947.9389,A
0.44336,0.00047,0.0388,0,0.0266,0,1.99813,0.00114,5.84699,0.00162,6.04045,0.00411,0.75533,0.00177,0.40866,0.00187,0.36476,0.00148,13647502.96581,143045593.09377,27422598.10622,1457493104.20237,29764508.136,1358275685.88337,A
0.45815,0.00047,0.0401,0,0.02321,0,1.95823,0.00083,5.75408,0.002,6.07156,0.00386,0.76251,0.00161,0.41222,0.00198,0.35312,0.00198,13431349.52889,174627650.81179,27054736.27515,1467357429.70526,34565818.30046,1999620219.78898,A
0.48042,0.00054,0.04132,0,0.02055,0,1.66131,0.00069,5.55472,0.00315,6.23999,0.00346,0.77523,0.00162,0.42196,0.00169,0.33763,0.00135,12837223.6541,77769191.15293,25114080.72435,1255475804.24803,35194233.05973,2218917163.44226,A
0.44434,0.0005,0.03271,0,0.02249,0,1.79575,0.00043,5.86939,0.00195,6.08636,0.00176,0.75489,0.00185,0.39118,0.00154,0.35227,0.00133,13379079.84594,85971668.27608,28492726.56011,1507418764.98377,33277113.21129,1678594250.28346,A
0.44494,0.00051,0.03209,0,0.0131,0,1.74251,0.00067,5.79715,0.00164,6.66718,0.00271,0.75402,0.00187,0.38962,0.00144,0.28902,0.00106,13284152.74697,62175268.2719,28226729.81294,1424657719.91453,45367721.60802,4499908211.0107,A
0.3746,0.00037,0.02534,0,0.0195,0,2.08807,0.00066,6.32794,0.00343,6.3026,0.00381,0.70952,0.00226,0.35492,0.00135,0.32497,0.00144,14660222.42812,104806069.25203,33921641.11735,2375007118.93677,35436214.01475,2691425384.64728,A
0.3996,0.00039,0.02887,0,0.01653,0,1.9964,0.00036,6.13829,0.00293,6.5258,0.0041,0.72647,0.00199,0.36775,0.00158,0.30714,0.0013,14178113.73622,86670050.10384,31965894.19239,2139314020.04532,40684930.25083,3480483497.83147,A
0.34532,0.00031,0.02328,0,0.01748,0,2.28273,0.00033,6.53248,0.00303,6.44927,0.00372,0.69093,0.0024,0.34049,0.00141,0.3159,0.00117,15384610.22012,145944292.3457,36729642.79462,2477150518.07937,37267505.55441,2532893166.54083,A
0.38651,0.00041,0.03001,0,0.01678,0,2.19052,0.00063,6.14988,0.0027,6.46933,0.00363,0.71944,0.0021,0.37512,0.00156,0.31761,0.00138,14643692.3601,151198168.63983,31308924.69863,2366469705.38231,39819267.25074,2898363805.46976,A
