0.01511,0,0.01978,0,0.01787,0,6.67953,0.00248,6.32226,0.00183,6.4315,0.00217,0.29577,0.00178,0.33579,0.00268,0.32325,0.00238,42951909.14095,2174142402.49976,37827723.06471,1408897397.47432,39402135.20001,1537832596.50942,A
0.02536,0,0.0412,0,0.03226,0,5.90506,0.00365,5.5047,0.0023,5.72598,0.00259,0.35909,0.002,0.42121,0.00155,0.39962,0.0018,28110643.52049,851768742.69352,24215003.68518,589946750.87233,25763136.01789,664566159.46944,A
0.08145,0.00002,0.08005,0.00001,0.06138,0,4.40664,0.00723,4.38131,0.0044,4.72184,0.00605,0.51489,0.00209,0.52002,0.00214,0.48177,0.0024,12862910.84943,1770048470.74626,14564235.9573,1856337153.56096,19810058.72479,2551447045.55571,A
0.10421,0.00001,0.11409,0.00001,0.09924,0.00001,4.0855,0.00558,4.02053,0.00661,4.11809,0.00465,0.56478,0.00319,0.5754,0.00256,0.56229,0.00293,14564060.78372,682418760.53061,13926158.05476,631566981.00776,14846694.09749,747052551.60235,A
0.0154,0,0.02023,0,0.02074,0,6.87429,0.0119,6.54595,0.0078,6.55253,0.00521,0.2745,0.00341,0.3296,0.00317,0.33586,0.00302,49110977.17744,8674591587.46966,39292717.1109,4455896814.959581,39216307.89879,4059682132.41908,A
0.0098,0,0.02383,0,0.01374,0,7.28811,0.01297,6.43604,0.00277,6.87616,0.0042,0.25609,0.00229,0.34459,0.00187,0.30823,0.00251,56495754.93356,8770769740.24151,35100368.18613,2531923496.36381,47482109.8994,4906141196.55893,A
0.1295,0.00001,0.16371,0.00001,0.15426,0.00001,3.55669,0.00187,3.18185,0.00109,3.24831,0.00085,0.61089,0.00238,0.65341,0.00147,0.64578,0.00153,12317311.54871,422674564.41632,10774526.43309,329309266.45457,11084754.82735,289355796.46698,A
0.02589,0,0.02725,0,0.01831,0,5.84744,0.01076,5.88089,0.01324,6.51098,0.00619,0.35546,0.0019,0.36048,0.00183,0.31394,0.00148,29489076.72767,5547688872.18904,29250222.20391,5111405792.65694,36618540.70313,8673228286.791532,A
0.02492,0,0.02938,0,0.03179,0,5.82379,0.0019,5.67672,0.00175,5.59408,0.00126,0.36619,0.00296,0.39613,0.0034,0.4089,0.00313,29757339.76052,1963700095.13233,27637074.02186,1539202416.82585,26410982.42998,1316330845.00788,A
0.00895,0,0.01767,0,0.05691,0.00001,7.39367,0.00238,6.44178,0.00981,4.82767,0.00972,0.22113,0.00198,0.28202,0.002,0.47295,0.00212,56754001.06276,9103952934.60802,38083362.19654,2925440121.96728,19546945.67347,668819890.35326,B
0.03207,0,0.03164,0,0.03586,0,5.45616,0.00095,5.35318,0.00015,5.30512,0.0001,0.39855,0.00096,0.40786,0.00128,0.41978,0.00103,19884304.20211,1309751761.95802,20484299.36761,1402026212.54407,20066706.77102,1857265962.59203,B
0.0215,0,0.02646,0.00001,0.04222,0.00002,6.06156,0.0113,5.77612,0.01488,5.19923,0.01863,0.32515,0.00173,0.34656,0.00184,0.41318,0.00198,33678370.09919,1257304015.41922,30290771.96781,1107983973.32321,23012456.22089,573653954.85115,B
0.0408,0,0.04995,0,0.05115,0,5.24607,0.00083,4.98124,0.00049,5.0014,0.00043,0.43931,0.00106,0.47306,0.00111,0.47547,0.00099,16952859.56431,13763446.99229,15493640.14897,11220200.0335,15414107.29331,15033503.51145,B
0.02818,0,0.03699,0,0.03534,0,5.83504,0.00438,5.58884,0.00382,5.62773,0.00508,0.37001,0.00323,0.41019,0.00426,0.40326,0.00407,25386369.91005,3969500124.42336,22124674.31843,3600409992.73979,23798703.32346,5224604828.79803,B
0.03299,0,0.03491,0,0.04068,0,5.48792,0.00124,5.33629,0.00074,5.25193,0.00107,0.39641,0.00103,0.41358,0.00135,0.43073,0.0013,20851622.37906,2375991966.10183,20881154.49791,2661055334.86054,18238261.28266,3136599403.1369,B
0.02859,0,0.0335,0,0.04221,0,5.74096,0.00038,5.56241,0.00067,5.16106,0.0015,0.36238,0.00162,0.3845,0.00171,0.42851,0.00221,29053163.68652,1225907152.90511,27675328.50838,1055800140.48582,22111065.56936,607472721.11046,B
0.05724,0.00001,0.07736,0,0.08782,0,4.62062,0.00484,4.27719,0.00452,4.22885,0.00374,0.4764,0.00227,0.52945,0.00186,0.54385,0.00175,18950803.34025,1216258289.62001,16382264.2266,1055202000.41376,15189420.38249,1250240734.22962,B
0.01385,0,0.01736,0,0.01734,0,7.04893,0.00604,6.75645,0.00602,6.86817,0.00736,0.24577,0.0027,0.28497,0.00313,0.28591,0.00334,49170880.34949,2274234166.10346,44012875.12826,1276195234.76337,45410168.8597,994312434.20422,B
0.01315,0,0.01862,0,0.01963,0.00001,6.53319,0.01526,6.14894,0.01904,6.17671,0.02006,0.27127,0.0012,0.30813,0.00115,0.31318,0.00118,42136566.52244,10850728937.98514,34936995.38812,7625128856.96327,33638931.59309,9218781558.85283,B
0.04704,0.00002,0.06488,0.00003,0.05791,0.00003,5.03795,0.01398,4.63657,0.01351,4.81549,0.0186,0.43344,0.00174,0.4781,0.00157,0.46179,0.00175,22232601.70878,351829577.71914,18633191.18366,231759001.86197,19262770.10661,372451068.33403,B
0.02978,0.00002,0.04391,0.00002,0.03457,0.00002,5.62829,0.03024,5.17495,0.02779,5.51428,0.0375,0.36134,0.00234,0.41562,0.0019,0.38033,0.00216,28225273.89874,3667777059.48309,23063523.82566,2382778242.24704,26406546.31839,5098174356.41056,B
0.01457,0,0.02241,0.00001,0.02595,0.00001,6.43963,0.01561,5.94694,0.01848,5.77707,0.01542,0.27712,0.0013,0.32717,0.00124,0.34941,0.00151,37938139.19241,5326569898.55055,30544308.12587,2783850207.17503,29274848.51474,2860221258.12103,B
0.0109,0,0.01211,0,0.01599,0,7.15968,0.00277,7.0685,0.0039,6.46399,0.00921,0.23369,0.00182,0.2377,0.00174,0.28724,0.00225,55074649.75845,8593079937.00413,51252890.34303,7607214141.73071,40020404.42024,4404895870.9128,B
0.01098,0,0.01167,0,0.02227,0,6.92856,0.00153,6.81569,0.00143,6.11491,0.01127,0.23785,0.00175,0.24415,0.00188,0.32873,0.00192,52960626.29509,28769846629.921692,54005528.18907,29091687578.606,35352185.51077,5081992031.70928,B
0.05598,0.00004,0.08044,0.00006,0.101,0.00004,4.67911,0.02625,4.28882,0.02309,4.194,0.013,0.44749,0.00279,0.50571,0.00247,0.54662,0.00165,14393174.65757,1421877511.64418,10981593.88989,1269032036.1507,10047383.37573,1821925026.79076,B
0.02203,0,0.0281,0,0.02822,0,6.25628,0.01098,6.04334,0.00809,5.99388,0.00607,0.3476,0.00538,0.38005,0.00705,0.37255,0.00813,35930208.98939,7631711662.53636,32394957.03118,6395213838.9725,32121196.74998,6497201508.17626,A
0.00843,0,0.01011,0.00001,0.00882,0,7.49701,0.04463,7.35196,0.08103,7.4817,0.06532,0.26716,0.02179,0.28874,0.02938,0.2771,0.02704,61140135.30533,36162118585.123656,57812941.43292,33838137112.35036,61810446.31005,44965947531.47676,A
0.02391,0.00001,0.02656,0.00002,0.02601,0.00001,5.90527,0.02639,5.76008,0.03101,5.84399,0.02931,0.32887,0.00256,0.33967,0.00274,0.34071,0.00275,31938725.91264,1562939844.824,30653045.62049,1897298087.81171,30955918.59916,2523601765.46108,A
0.02753,0.00002,0.02992,0.00003,0.02667,0.00001,5.7838,0.02588,5.71294,0.03288,5.80109,0.02311,0.34217,0.00242,0.34988,0.00228,0.34064,0.00313,27445690.58498,1381657922.28187,26716344.19928,1848605991.73388,27593182.0413,2647692498.2315,A
0.05891,0,0.07316,0,0.06844,0,4.84665,0.00476,4.53129,0.00811,4.5815,0.00645,0.48017,0.00327,0.51452,0.00254,0.50571,0.00286,19464680.07175,1789595362.93616,17378703.89528,1462730423.44921,17938582.75684,1617535330.65353,A
0.03818,0.00001,0.06876,0.00002,0.05679,0.00001,5.33307,0.02594,4.67994,0.02009,4.8942,0.01553,0.40611,0.00313,0.49551,0.002,0.4707,0.00225,24715024.78666,2979430895.64289,18230551.71974,1655386996.91881,20195793.91884,2103083620.77145,A
0.03239,0.00001,0.0409,0.00001,0.03389,0,5.74135,0.02743,5.36736,0.02327,5.5673,0.01808,0.37841,0.00212,0.42187,0.00217,0.4006,0.00242,27144828.23768,4084102659.0187,24404129.5456,3053600840.41217,26669005.75696,3630493641.30765,A
0.01404,0,0.01715,0.00001,0.01639,0.00001,6.82449,0.00639,6.65359,0.01209,6.67963,0.01183,0.30787,0.01475,0.33195,0.01899,0.32931,0.01894,50633767.93991,21156156392.21892,48404780.41929,19515070368.728632,49138259.35678,21641555362.977232,A
0.03959,0,0.04895,0.00001,0.05148,0,5.36834,0.00667,5.13649,0.00811,5.03137,0.00533,0.42761,0.00386,0.45498,0.00417,0.46616,0.00465,24741644.63927,2945321858.50804,22587741.25302,2566584548.67795,21793265.33357,2521224881.96207,A
0.01145,0,0.01386,0,0.01326,0,6.95949,0.00166,6.83861,0.00057,6.84571,0.00072,0.27225,0.00073,0.29282,0.00081,0.29202,0.00083,39645628.96269,566631941.65372,35944128.7268,407995702.46911,36453705.62635,355855424.25518,A
0.01517,0,0.01884,0,0.02081,0,6.47384,0.00076,6.23194,0.00021,6.23736,0.00014,0.30706,0.00085,0.33988,0.00095,0.35075,0.0008,30899856.80238,5651174755.80505,27859649.57689,5291027349.63605,28903097.93581,8381422717.48103,A
0.03624,0,0.0392,0,0.03765,0,5.36651,0.00309,5.13432,0.00064,5.20512,0.00063,0.40931,0.00098,0.43707,0.00133,0.43356,0.00119,21431200.56285,2372292108.67189,20385618.93579,2124499834.83343,21429545.85658,3907506294.82079,A
0.03242,0,0.03317,0,0.04248,0,5.48526,0.00385,5.39459,0.00203,5.23894,0.00155,0.40093,0.00158,0.41185,0.00167,0.43696,0.00133,22458982.46004,1016803484.17884,21491651.71706,914293515.74781,18862564.39323,926246952.12581,A
0.0404,0,0.04539,0,0.04576,0,5.17678,0.00327,4.98406,0.00126,5.00022,0.00155,0.4301,0.00122,0.45369,0.00136,0.4525,0.00129,21869454.94833,780681509.152,19998381.98462,669858048.15815,20771782.20321,883932444.82168,A
0.03094,0,0.02727,0,0.03506,0,5.63508,0.00045,5.6505,0.00016,5.48042,0.00032,0.39452,0.0008,0.39389,0.00107,0.41746,0.00089,20629509.5858,907878335.813,22601853.22045,1153467322.80514,19930216.05591,1230277541.67704,A
0.01087,0,0.01189,0,0.01298,0,6.99315,0.00502,6.93089,0.00373,6.876,0.0025,0.27196,0.00099,0.28281,0.00095,0.29679,0.00092,51133533.84068,155459161.42248,48352661.22929,142540221.78837,44538380.33623,119540178.89785,A
0.00831,0,0.0086,0,0.00852,0,7.27522,0.00223,7.25873,0.00327,7.29143,0.00347,0.2468,0.00096,0.25157,0.00083,0.25126,0.00081,59534476.56617,662790033.22686,57727687.20059,556430564.45177,58642353.29363,315375307.44291,A
0.00339,0,0.00335,0,0.00419,0,8.24353,0.00152,8.23314,0.00226,8.07649,0.00133,0.17258,0.00044,0.17104,0.00043,0.1923,0.00051,95540783.45494,3910340339.37262,94819973.32703,4185379032.13868,80180178.22578,1571657498.91289,A
0.0122,0,0.01224,0,0.01142,0,6.87995,0.00288,6.88555,0.00316,6.93894,0.00418,0.27857,0.00151,0.27765,0.0014,0.26656,0.00164,43548657.0538,463865659.5767,43029763.56433,327827337.87669,45786004.06425,320160584.66343,A
0.00552,0,0.00558,0,0.00578,0,7.74065,0.00151,7.73451,0.00173,7.71598,0.00175,0.2163,0.00074,0.21778,0.00074,0.22197,0.00081,74729322.8259,1951882085.96056,74553100.0362,2080840453.84232,73176573.11819,1636342893.66769,A
0.03563,0.00002,0.04285,0.00003,0.03483,0.00002,5.32665,0.02188,5.1002,0.02328,5.36161,0.01906,0.38314,0.00286,0.40445,0.00294,0.38306,0.00272,25056351.54542,564419858.73663,22924660.3347,517048556.76498,25009462.0988,1092176558.84333,A
0.03347,0.00002,0.03936,0.00002,0.03432,0.00001,5.39207,0.02238,5.20791,0.02166,5.38598,0.01604,0.3751,0.00349,0.40003,0.00286,0.386,0.00314,26314856.99442,673780015.39707,23870318.30307,613682994.46253,25086435.38143,1140426256.66982,A
0.00455,0,0.00459,0,0.00443,0,7.92301,0.00203,7.90247,0.00194,7.95505,0.00253,0.19261,0.00057,0.19162,0.00058,0.18924,0.00053,59325546.63834,7290100311.89334,59262445.15834,7099875801.25393,59428202.97449,6368000214.1242,A
0.02028,0.00001,0.02906,0.00003,0.04551,0.00001,6.23893,0.06101,5.86344,0.0611,5.09625,0.0196,0.30632,0.00265,0.34471,0.00225,0.42938,0.00226,36536797.07658,127745561277.123328,31438402.43806,98358790869.839728,22926314.91314,66024579862.412984,A
0.02775,0.00002,0.03347,0.00002,0.03478,0.00001,5.83648,0.03956,5.69007,0.04055,5.53968,0.02306,0.35152,0.00222,0.37241,0.00186,0.3898,0.00199,25801443.79305,5347770673.11289,24127473.45967,5258921059.66663,23586528.72475,9841274989.16909,A
0.01984,0.00001,0.02499,0.00002,0.04522,0.00003,6.345,0.05141,6.01252,0.04922,5.15594,0.02899,0.31082,0.00188,0.33579,0.00201,0.41959,0.00212,36122993.94279,11757610889.00751,31844862.6324,9535143977.95123,22506578.08672,9593976781.94741,A
0.02473,0.00002,0.02524,0.00002,0.03684,0.00001,6.0467,0.06138,5.9392,0.068,5.42689,0.018,0.32739,0.00192,0.32813,0.00204,0.39805,0.00171,32275310.1629,8358772407.59277,32057135.87086,9244313223.18616,24997952.89982,14502178894.06429,A
0.06517,0.00001,0.05731,0.00001,0.05702,0.00001,4.71955,0.00696,4.84698,0.00867,4.86308,0.00943,0.48343,0.00176,0.47086,0.00179,0.47042,0.0018,18968340.46198,2786825.87336,20619299.67486,3275263.73252,20670408.44584,3000179.04539,A
0.03756,0.00001,0.03778,0.00001,0.04179,0.00001,5.48188,0.00913,5.47015,0.01057,5.33981,0.00812,0.4049,0.00123,0.40599,0.00123,0.42626,0.00132,34094260.13369,29197143.9285,32578118.76107,31298281.96414,26741858.91828,14196136.90496,A
0.01857,0,0.02464,0.00001,0.02878,0.00001,6.24417,0.01318,5.94148,0.01447,5.84576,0.01197,0.32055,0.0014,0.34893,0.00129,0.36542,0.00106,36068674.5711,6115499181.1937,28409140.95164,5149919342.36381,25851011.22066,7730746131.38664,A
0.03584,0.00001,0.03512,0.00001,0.03323,0.00001,5.73042,0.01126,5.71336,0.01204,5.68668,0.01155,0.40056,0.00122,0.39733,0.0014,0.39802,0.00165,29022752.7724,1303703.90948,29324775.56774,1093933.69466,30156676.45707,348813.79329,A
0.01144,0,0.0127,0,0.00806,0,7.33371,0.00018,7.15706,0.00048,7.56536,0.00053,0.24007,0.00146,0.24782,0.00139,0.2168,0.00168,54845287.38473,994898771.79657,51464536.668,728225188.86346,78355570.91058,1502033402.79497,A
0.01333,0,0.01726,0,0.02609,0,6.85824,0.00448,6.40944,0.00722,5.80241,0.01025,0.24905,0.00251,0.29276,0.00238,0.34923,0.0031,44877272.27577,10032009636.84286,37595240.28756,5148342928.46861,29275179.78,3768393159.59965,A
0.0109,0,0.01017,0,0.00871,0,7.23199,0.00154,7.31095,0.00438,7.46204,0.00313,0.22055,0.00142,0.21964,0.00137,0.21091,0.0014,47163056.09014,827113168.44262,49852109.74031,964341847.17042,52639128.1724,959865696.10944,A
0.0159,0,0.01585,0,0.01747,0,6.58794,0.00504,6.57928,0.0051,6.54093,0.00297,0.29069,0.00185,0.29048,0.00185,0.29653,0.00158,42526178.21158,78125392.28878,42557419.91205,72559220.80542,41119357.55555,58510950.38706,A
0.02474,0,0.03401,0.00001,0.04994,0.00002,5.83602,0.00926,5.33158,0.01228,4.78273,0.0093,0.33903,0.00338,0.37961,0.00422,0.4429,0.00395,30961340.6324,2347111577.11514,25729200.11311,1488315905.30999,20936965.64529,1120915873.21675,A
0.04836,0.00001,0.04753,0.00001,0.08344,0.00003,5.21124,0.01828,5.09019,0.02033,4.4561,0.01538,0.42735,0.00435,0.43075,0.00444,0.51455,0.00305,23540353.35085,4817301427.4806,23481406.3622,5026588425.44554,16762117.0158,3428668843.80377,A
0.05895,0.00003,0.06214,0.00003,0.04701,0.00002,4.81578,0.01996,4.67531,0.02263,5.1458,0.02347,0.45765,0.00441,0.46709,0.00418,0.42477,0.0053,20101048.79077,2416194999.31822,19776685.37021,2580471221.53546,23111596.62005,6370595967.88267,A
0.01386,0,0.0123,0,0.01671,0,6.99753,0.00183,7.0085,0.00351,6.55785,0.00643,0.24752,0.00186,0.24456,0.00198,0.27726,0.00224,49481863.16906,235001839.49417,49985717.44383,240322200.37042,40996190.73457,66820659.75234,A
0.02843,0.00001,0.02837,0,0.0313,0.00001,5.82725,0.0079,5.80104,0.00914,5.67031,0.00803,0.36674,0.00267,0.36153,0.00326,0.37287,0.00256,27032746.31374,7734902.2259,27529033.32576,7158837.489,25880999.51499,5322402.40276,A
0.031,0.00001,0.03271,0.00001,0.0291,0,5.68685,0.0096,5.61506,0.00969,5.66395,0.00678,0.37736,0.00257,0.38322,0.00257,0.36186,0.00262,26174658.65289,10391588.6422,25403043.9943,10374780.20189,28611953.48228,12445260.2923,A
0.01224,0,0.01167,0,0.01149,0,7.03007,0.00021,7.08654,0.00039,7.06024,0.00047,0.28025,0.00102,0.27662,0.00103,0.276,0.00108,56515208.6878,191257844.17564,57319596.36726,178840443.12861,56824700.44071,154220892.79472,A
0.01722,0,0.01681,0,0.03076,0,6.54446,0.00527,6.64235,0.00513,5.65371,0.0051,0.31836,0.00398,0.30931,0.00361,0.39645,0.00437,38369151.23447,5042851149.60672,39254978.32256,5126429527.68725,27293349.16961,2398643033.40594,A
0.01412,0,0.0146,0,0.04804,0.00002,6.73904,0.00774,6.72005,0.00958,4.98806,0.01107,0.29003,0.00303,0.28888,0.00281,0.44053,0.00331,42991147.66516,18681447538.16848,41715574.90873,17306716464.421822,21509374.1698,4847501137.88502,A
0.04402,0,0.03551,0,0.0427,0.00001,5.50015,0.00497,5.5563,0.00333,5.23965,0.00646,0.42621,0.00219,0.40038,0.00301,0.42899,0.00314,25794234.30121,881236114.91032,28987225.40969,1220830582.09989,23210706.8843,1574007578.8688,A
0.05302,0,0.05541,0,0.078,0.00001,4.97095,0.0032,4.87188,0.00359,4.62396,0.00506,0.47117,0.00381,0.47743,0.00373,0.51888,0.00221,21029911.10639,464124212.60528,20383975.34746,496253288.50208,17291396.06913,749993701.92306,A
0.01396,0,0.01403,0,0.01385,0,6.67627,0.01272,6.62571,0.0105,6.62636,0.01111,0.25866,0.00157,0.2614,0.00176,0.2608,0.00199,48924984.66129,800653089.59943,50211011.19135,667324739.70267,50864427.17206,431934530.47656,A
0.01517,0,0.01609,0,0.01657,0,6.52509,0.00573,6.36544,0.00553,6.33716,0.00354,0.30243,0.00079,0.3094,0.00096,0.31599,0.00103,37954749.91695,7437482251.87982,37646988.94739,8252308354.2799,35600996.98857,12739586919.61388,A
0.02687,0,0.02343,0,0.0159,0,5.66696,0.00163,5.80675,0.00116,6.45712,0.0035,0.36072,0.00145,0.34484,0.00139,0.30964,0.00146,31549316.88121,9461123537.92166,33090301.9214,12022721458.22459,40231107.02949,24983726294.12906,A
0.01358,0,0.0154,0,0.01795,0,6.47629,0.00673,6.33791,0.00656,6.2479,0.0056,0.28906,0.00095,0.29912,0.00105,0.32138,0.00092,38809727.82445,10907473030.12691,36011176.59202,10453371685.67615,34576957.06765,11327933031.7327,A
0.02445,0.00001,0.02445,0.00001,0.0191,0,5.95773,0.01237,5.94505,0.01183,6.10737,0.00742,0.33491,0.00134,0.33501,0.00135,0.30031,0.00194,36216600.93022,272670795.18827,36206746.39929,269696504.17405,43678404.58215,267253623.49261,A
0.00548,0,0.00568,0,0.00532,0,7.58745,0.00411,7.51882,0.00365,7.58736,0.00352,0.19891,0.0006,0.20122,0.0006,0.19577,0.00058,60387853.83374,8429509574.28765,58957140.52698,6564052481.79766,66444240.97234,5687929158.40119,A
0.00636,0,0.00636,0,0.00594,0,7.11139,0.00159,7.1128,0.00153,7.18052,0.00079,0.22556,0.00088,0.2245,0.00086,0.2176,0.00083,62486974.50578,17456638798.554722,61164790.67154,18008527213.56826,68076468.12096,16668010076.19601,A
0.01129,0,0.01246,0,0.017,0,6.60009,0.0013,6.52521,0.00152,6.20273,0.0021,0.27914,0.00189,0.29185,0.00159,0.31961,0.00198,46980536.94869,18178428664.90376,45723647.41419,16644750548.9707,35752798.59885,11714679558.5145,A
0.00365,0,0.00378,0,0.00292,0,7.64492,0.00106,7.59977,0.00067,7.75449,0.00038,0.17546,0.00047,0.17935,0.00046,0.16528,0.00051,91076931.30061,28619754007.801848,88187208.25524,24441741687.14142,111382372.09329,32175318656.111252,A
0.00901,0,0.00928,0,0.009,0,7.14487,0.00154,7.10744,0.00111,7.12605,0.00105,0.26432,0.00131,0.26464,0.00125,0.25677,0.00132,55568458.88646,686440477.5716,54436919.17998,732060073.96483,53109705.89701,774973676.1847,A
0.0256,0,0.03627,0,0.0761,0.00005,5.88781,0.00431,5.3263,0.00519,4.18059,0.01014,0.3525,0.00308,0.39308,0.00308,0.50866,0.00359,31132244.44124,1881981641.07072,26197133.29489,1160394084.85367,16741243.68273,472943639.91196,A
0.06155,0.00002,0.04813,0.00002,0.0487,0.00002,4.50011,0.00869,4.77244,0.01038,4.85618,0.00755,0.46956,0.00329,0.43324,0.00343,0.44018,0.00295,18718942.3642,339337310.39666,21441316.0421,546691811.81831,20980775.74558,967165403.32205,A
0.02988,0.00001,0.0395,0.00002,0.05515,0.00003,5.58248,0.01454,5.20831,0.01718,4.7428,0.01177,0.36445,0.00258,0.40157,0.00257,0.45091,0.00304,27211303.89541,1111306253.42724,24089620.14764,849338871.12069,19935106.40601,752392300.98465,A
0.03933,0.00002,0.04812,0.00002,0.05216,0.00002,5.10078,0.01185,4.81912,0.01232,4.80186,0.00816,0.40561,0.00382,0.43368,0.00369,0.44861,0.00343,23762983.35305,665477882.29286,21243918.19488,567563619.79367,20423392.18109,840857723.59897,A
0.02238,0,0.0379,0.00001,0.0624,0.00002,6.02999,0.00244,5.28162,0.01004,4.54499,0.00602,0.32337,0.00295,0.40103,0.00302,0.48295,0.00318,34133383.37216,3047736338.71578,24399260.44822,1418030520.25286,18327408.72311,938078769.79695,A
0.01901,0,0.02809,0,0.04712,0.00002,6.23164,0.00751,5.64832,0.00875,4.86097,0.01046,0.29882,0.00316,0.35082,0.00347,0.43356,0.00416,35764425.95963,3290988550.24129,28591723.27757,2056610155.14293,21382712.08744,1199448682.33018,A
0.01708,0,0.01715,0,0.01629,0,6.37761,0.00485,6.37857,0.00514,6.43072,0.00551,0.32517,0.0011,0.32499,0.0011,0.31594,0.00114,40559113.5733,276672331.90024,41352231.70833,261763239.96866,43025928.02505,293232935.70556,A
0.00883,0,0.00871,0,0.01493,0,7.18995,0.00327,7.18116,0.00292,6.50987,0.00533,0.2509,0.00243,0.25067,0.0024,0.30599,0.00335,53656996.73107,60942358359.3468,53977835.99836,61564667776.701976,40317839.16535,34714932339.865724,A
0.00886,0,0.00879,0,0.00819,0,7.1001,0.0016,7.13149,0.00166,7.18468,0.00173,0.25567,0.00149,0.25609,0.00142,0.24488,0.00154,46801851.70243,11337750756.7324,44692209.45704,11169827030.23273,46197275.21542,13706053285.77414,A
0.00948,0,0.00976,0,0.01568,0,7.16419,0.01009,7.11545,0.01364,6.61311,0.03255,0.22343,0.0011,0.22605,0.00113,0.28913,0.00185,62050697.64821,9209021791.56124,61790162.26993,10832404822.54829,42365170.85792,4623478518.98863,A
0.0074,0,0.007,0,0.00727,0,7.3932,0.00213,7.41436,0.00212,7.51919,0.00364,0.23561,0.00086,0.22482,0.00074,0.22561,0.00075,44468060.04004,2314591557.67987,46960173.36771,2742936842.19839,46433485.29418,2789817855.67189,A
0.02648,0.00002,0.03124,0.00002,0.04134,0.00001,5.92708,0.04481,5.75915,0.0443,5.62876,0.02112,0.33368,0.00197,0.3603,0.00147,0.41139,0.00141,31531512.69394,1306249555.09417,28765378.10884,1238914655.36206,24896511.19031,1893175202.51458,A
0.04696,0.00004,0.04003,0.00003,0.05033,0.00002,5.29772,0.0352,5.42324,0.03767,5.17075,0.02566,0.41217,0.00136,0.39662,0.00161,0.43927,0.00167,22845792.05327,652062826.3022,24951277.92324,906436471.83808,21837165.27887,1071551959.31116,A
0.01576,0,0.01537,0,0.01377,0,6.47742,0.00163,6.48963,0.00226,6.60557,0.0025,0.30909,0.00112,0.30538,0.00122,0.29276,0.00118,29543061.41622,275868260.18336,29916047.3066,312070933.00137,32276183.78743,204948137.34669,A
0.05055,0.00002,0.05351,0.00003,0.06041,0.00002,4.80569,0.01259,4.72733,0.01503,4.66234,0.01166,0.44529,0.00308,0.45128,0.00294,0.473,0.00226,20524167.03618,446692237.28378,19982127.12929,451881986.80031,18803868.20687,664424524.433,A
0.01341,0,0.01564,0,0.0447,0.00002,6.76454,0.00266,6.45999,0.00533,4.99254,0.0123,0.26986,0.00188,0.28071,0.00219,0.42597,0.00249,42694705.68904,3167111562.65272,39482845.46002,2494473733.15883,22061088.91179,673853703.61318,A
0.01263,0,0.01619,0,0.03703,0.00001,6.78293,0.00355,6.45093,0.00533,5.30496,0.01222,0.2532,0.00183,0.28176,0.00171,0.39966,0.00257,43684234.08736,4653951130.70077,37877498.65587,3281574600.06645,24434449.34841,885969081.20424,A
0.00901,0,0.00928,0,0.009,0,7.14487,0.00154,7.10744,0.00111,7.12605,0.00105,0.26432,0.00131,0.26464,0.00125,0.25677,0.00132,55568458.88646,686440477.5716,54436919.17998,732060073.96483,53109705.89701,774973676.1847,A
0.01317,0,0.01383,0,0.0123,0,6.56234,0.00274,6.53836,0.00269,6.72301,0.00179,0.28421,0.00131,0.28855,0.00129,0.27961,0.00121,34887826.378,801847940.88513,33189872.84239,668540140.80516,40501415.66625,553626737.03434,A
0.03129,0.00001,0.03988,0.00002,0.04726,0.00002,5.47095,0.01054,5.1387,0.01248,4.96643,0.01046,0.38056,0.00228,0.4055,0.00254,0.43218,0.00218,25345929.39562,593904096.20944,22848731.84408,474703341.97201,21520767.7264,733286995.63304,A
0.01038,0,0.0109,0,0.02001,0,6.74761,0.00163,6.68188,0.00115,6.01229,0.00144,0.27029,0.00202,0.27934,0.00182,0.34937,0.00247,50231439.7158,37798913791.08332,47748959.01473,35508444112.899016,27609542.59127,12893053044.31923,A
0.03931,0.00001,0.04116,0.00002,0.03933,0.00001,5.33019,0.01151,5.28049,0.01633,5.30872,0.01461,0.40327,0.00236,0.41423,0.00191,0.4087,0.00217,24471096.54333,4118763889.69766,24066974.12036,4296054790.00987,24178470.73933,6239168159.16775,B
0.0163,0,0.01467,0,0.0167,0,6.80317,0.00774,6.79432,0.00681,6.76207,0.00704,0.2679,0.00199,0.26452,0.00226,0.27033,0.00208,48466209.21143,1124972968.16648,49975715.04645,1414358733.06477,45332118.61836,961184213.845,B
0.02648,0.00001,0.03871,0.00002,0.04443,0.00003,5.92968,0.02536,5.38933,0.02562,5.18472,0.03232,0.34924,0.00214,0.39918,0.00231,0.41669,0.00231,28956266.12665,4231919580.38932,24233169.31426,3660880691.18527,23180423.18806,5568201051.19678,B
0.03334,0.00002,0.04152,0.00002,0.04399,0.00003,5.45786,0.02254,5.21188,0.01849,5.19517,0.02357,0.37476,0.00239,0.40919,0.00166,0.41293,0.00184,27091640.08655,3381124238.57568,23850464.24855,2743762203.77934,23428465.49909,3766327492.08507,B
0.02036,0.00001,0.02497,0.00001,0.02263,0.00001,6.02241,0.02227,5.7471,0.02054,5.90394,0.0192,0.30906,0.00266,0.33439,0.00274,0.32486,0.00254,33367451.54865,1065632351.49364,30328463.45987,1080116892.0085,31905859.92734,1729309174.82198,A
0.02996,0.00001,0.0324,0.00002,0.03308,0.00002,5.54053,0.01858,5.4254,0.01869,5.44621,0.01883,0.36209,0.00278,0.37285,0.00274,0.37539,0.00291,27498938.38857,937184946.0218,25833624.11814,1047214155.64413,24912206.22372,1342307595.01412,A
0.05083,0.00003,0.05161,0.00003,0.05053,0.00003,4.89541,0.01679,4.91585,0.01867,4.93289,0.01654,0.44462,0.00213,0.44476,0.00197,0.44202,0.00199,19695243.28858,914411740.62935,19927601.00759,942701882.00265,20010689.46167,1750686168.73013,B
0.043,0.00001,0.04972,0.00002,0.05609,0.00003,5.21455,0.01635,5.04426,0.01806,4.8341,0.01655,0.42558,0.00247,0.44437,0.00222,0.46063,0.00228,21093429.44293,1130290459.66689,19839776.87289,985616407.6439,18749778.71739,1548688329.78675,B
0.02088,0,0.02297,0,0.0211,0,6.02254,0.00046,5.91381,0.00013,6.00409,0.00032,0.34855,0.00083,0.3653,0.00096,0.35424,0.00106,25976990.66737,175590368.78777,25500050.37231,160637158.78483,25569051.52694,141086515.88972,A
0.01908,0,0.02136,0,0.02184,0,6.14867,0.00079,6.04254,0.00033,6.05947,0.00026,0.33807,0.00097,0.35563,0.0011,0.35634,0.00104,27709029.6287,232125028.17442,26807115.30376,203408662.59005,25582415.10362,178036483.75101,A
0.0231,0,0.02811,0,0.02585,0,5.94905,0.00227,5.74456,0.00143,5.83676,0.00125,0.34973,0.00094,0.38167,0.0011,0.36924,0.00112,28532070.20641,5532629568.50832,24507645.71528,4498328816.49105,25519409.23587,5826871718.83423,A
0.01506,0,0.01494,0,0.01563,0,6.65531,0.00031,6.63587,0.00013,6.58757,0.00033,0.31674,0.00085,0.32297,0.00097,0.32521,0.00097,29881375.08447,1193417662.24994,30590907.22929,1229540060.54744,30902954.59578,1404398880.67414,A
0.01285,0,0.01289,0,0.0159,0,6.67201,0.0031,6.64375,0.00267,6.55536,0.00252,0.28769,0.00085,0.2916,0.00095,0.30706,0.00078,33730553.67182,2810738910.67067,34243702.7345,2948034210.28832,30416889.09462,2904868625.17981,A
0.01247,0,0.01273,0,0.01255,0,6.66601,0.0013,6.62957,0.00172,6.63275,0.00134,0.28691,0.00115,0.29341,0.00131,0.29012,0.00137,32682265.20847,2551962488.31748,34545148.77023,2936671610.65727,34716873.60467,3998288884.94196,A
0.01329,0,0.01332,0,0.01283,0,6.77824,0.00148,6.77601,0.0014,6.82107,0.00111,0.27745,0.00138,0.27747,0.00137,0.27386,0.00133,56819271.07276,730267603.33251,56225097.28761,765915287.40966,57714133.77252,685013638.06388,A
0.0587,0.00002,0.06463,0.00001,0.06013,0.00001,4.68836,0.00745,4.54743,0.00537,4.65499,0.00434,0.48268,0.00264,0.50434,0.00219,0.49396,0.00207,19509092.29879,975757969.83367,18368444.99075,912876168.96231,19100922.65726,1542126847.35321,A
0.02165,0,0.02036,0,0.01965,0,6.24693,0.00579,6.24791,0.0053,6.28411,0.00583,0.33913,0.00145,0.33109,0.00163,0.32645,0.0016,33773253.98897,81265499.35947,34759911.08634,74524770.31102,35391116.8235,66519664.64933,A
0.04363,0.00001,0.04288,0.00002,0.05437,0.00002,5.14726,0.01556,5.14229,0.01749,4.76801,0.01336,0.42658,0.00376,0.41907,0.00383,0.45844,0.00347,22722567.60789,4841594221.8944,23093031.53687,4835006833.04298,20160992.54303,5736412457.88337,A
0.00293,0,0.00311,0,0.00425,0,8.59836,0.00103,8.51466,0.00062,8.21017,0.0008,0.16547,0.00081,0.16374,0.0008,0.17218,0.00082,101221987.47557,6745192833.34809,100660851.05155,6854414836.89149,87700021.84701,3454026741.6161,A
0.04853,0.00002,0.04953,0.00003,0.05099,0.00002,4.97932,0.0168,4.95159,0.01945,4.9734,0.01726,0.44364,0.00173,0.44511,0.00172,0.45322,0.00156,20496341.38165,379790762.58118,20328062.42184,439071578.36585,20210769.97362,735586160.66087,A
0.0523,0.00001,0.05624,0.00003,0.0566,0.00002,5.24842,0.0177,5.00129,0.02598,5.24335,0.01802,0.4537,0.00896,0.48039,0.01188,0.45908,0.01024,22506765.31906,2573670107.05958,21123009.99707,2411059583.34497,20735577.91417,3268351629.63836,A
0.03721,0.00001,0.03761,0.00002,0.06076,0.00003,5.46535,0.02501,5.42872,0.0293,4.74403,0.02044,0.40225,0.00312,0.40057,0.00324,0.46319,0.00336,25426641.03248,1814855287.70693,25497412.23696,1855428524.66386,19324256.98563,1448769677.56124,B
0.02326,0.00001,0.02554,0.00002,0.04526,0.00003,6.00417,0.03699,5.90444,0.04132,5.12136,0.03113,0.3234,0.0027,0.33692,0.00227,0.41738,0.0022,32942734.96623,4183873754.15763,31612835.10508,3780260666.37702,22558520.38241,2619194646.69162,B
0.01726,0,0.01658,0,0.01658,0,6.56644,0.00118,6.54365,0.00146,6.53219,0.00152,0.33279,0.00085,0.33176,0.00097,0.33204,0.00097,39358011.07163,1763785997.69113,39618040.79882,2193224984.45033,39495897.56422,2551148283.39734,A
0.0124,0,0.0128,0,0.01476,0,6.91862,0.00474,6.86298,0.00872,6.81315,0.01073,0.25872,0.00109,0.25992,0.00115,0.27998,0.00084,43831490.79366,350539637.5559,43101808.84573,319280055.68688,38301331.29537,205542140.70361,B
0.01919,0,0.02057,0,0.02289,0,6.16699,0.00156,6.07829,0.0009,5.96762,0.0008,0.33367,0.00087,0.34606,0.00103,0.36007,0.00089,29077063.14383,184905024.05318,28382726.32069,180416271.72602,25789240.57445,170352763.7657,B
0.03106,0,0.03154,0,0.03317,0,5.56093,0.00172,5.49867,0.00033,5.42127,0.00051,0.38905,0.00123,0.3973,0.00133,0.40596,0.00134,26241228.31085,1716816185.87031,25141950.77865,1687670604.17852,24102295.92411,1778783599.78103,A
0.03934,0,0.05525,0.00001,0.06048,0.00002,5.22069,0.00803,4.80722,0.0064,4.57587,0.00839,0.42458,0.00288,0.47175,0.00214,0.48114,0.00277,23279435.28851,578882299.43487,19461879.64763,401206993.77379,18518815.95929,527364577.8381,A
0.04595,0.00001,0.05826,0.00002,0.06164,0.00003,5.2398,0.0105,4.89436,0.0104,4.56688,0.01323,0.43354,0.00181,0.46869,0.00177,0.47642,0.00216,20820676.91032,371484732.81579,18630242.77533,279207614.9081,18433058.87571,501403444.13951,A
0.04928,0.00001,0.043,0.00001,0.05873,0.00003,5.06548,0.01059,5.11736,0.01091,4.63789,0.01331,0.44692,0.00237,0.43147,0.0026,0.46508,0.00296,20942068.34065,358131936.68044,22458246.78116,400277131.12299,18936310.24216,373275092.82321,A
0.01696,0,0.02032,0.00001,0.02252,0.00001,6.52793,0.01089,6.36994,0.01496,6.18019,0.01379,0.29891,0.00142,0.31537,0.00136,0.32559,0.00178,41629448.76595,8631210796.80348,38019487.64306,7028787537.06625,35397809.21854,6649837547.43351,A
0.01364,0,0.01167,0,0.00751,0,6.66453,0.00077,6.81256,0.00097,7.73199,0.01441,0.2686,0.00224,0.24587,0.00255,0.23012,0.00233,46886146.12788,6096459953.59466,49966861.58003,7763168478.58596,71277621.75192,7026052171.0868,A
0.08126,0,0.08218,0,0.0611,0,4.30502,0.00131,4.31246,0.00174,4.64743,0.00253,0.54027,0.00181,0.53706,0.00168,0.49813,0.00205,11039303.20405,431279638.98879,13234143.11527,700143447.38046,13432717.3437,1298001037.91078,A
0.01961,0,0.0173,0,0.01525,0,6.35916,0.00109,6.41053,0.00134,6.67527,0.00112,0.30323,0.00195,0.2985,0.00176,0.28683,0.00187,39692442.10653,4559949585.15981,39996413.8462,5417397255.30702,43370497.99957,4136603728.64082,A
0.01386,0,0.01378,0,0.01345,0,7.09253,0.01421,7.08452,0.01646,7.18878,0.01295,0.27448,0.00088,0.27442,0.00088,0.27045,0.00082,44437285.60261,114233368.29738,44753250.05442,126204327.19129,45406055.65088,96442519.22789,A
0.01241,0,0.01394,0,0.01238,0,6.70606,0.00295,6.62667,0.00438,6.77118,0.00625,0.28144,0.00128,0.28617,0.00124,0.27215,0.00127,45563107.9566,6109425216.86129,44817795.67519,4483810198.55174,47860683.8826,18420905869.482492,B
0.03136,0,0.03472,0,0.03147,0,5.67845,0.00342,5.57204,0.00447,5.73111,0.00648,0.40017,0.00168,0.41125,0.0017,0.39398,0.00176,30315978.16439,986874526.89593,27946523.74601,1025428784.79263,30531057.78037,3428082689.51116,B
0.02229,0,0.03026,0.00001,0.02756,0.00001,6.09019,0.00427,5.97668,0.00781,6.04595,0.00802,0.34694,0.00154,0.36728,0.00119,0.35629,0.00133,31980437.88682,1754856791.09113,28060712.06436,1069396719.50862,29392546.52171,3898930121.77379,B
0.05556,0.00001,0.05533,0.00001,0.0545,0.00001,4.84361,0.00417,4.83231,0.00412,4.81888,0.00332,0.47772,0.00267,0.47959,0.0026,0.48096,0.00268,21351839.44996,200714625.65661,21274343.57254,190203058.67823,21319858.93254,199290492.59573,A
0.04823,0,0.05711,0.00001,0.05948,0.00001,4.97959,0.00367,4.84211,0.00313,4.81017,0.00322,0.46754,0.00301,0.48167,0.00262,0.48911,0.00257,22664112.8522,250074650.24923,21113912.19623,234021813.73427,20134880.34315,279277523.34861,A
0.04639,0.00001,0.04707,0.00001,0.05209,0.00001,5.07972,0.00439,5.05405,0.00465,5.0417,0.0044,0.45814,0.00227,0.46037,0.00217,0.4634,0.00188,19573086.05498,152273903.23958,19199792.26616,209847645.80585,18465313.88345,300169956.44051,A
0.02358,0,0.02444,0,0.024,0,6.36953,0.00046,6.31997,0.0003,6.32966,0.00022,0.36518,0.00094,0.36977,0.00096,0.36775,0.00096,32015450.01008,4633239839.10295,32183455.46719,5056974605.66807,32461730.23198,5388230642.94221,A
0.01397,0,0.01428,0,0.01487,0,6.8762,0.00247,6.82662,0.00254,6.79695,0.0015,0.29986,0.00096,0.30203,0.00099,0.30672,0.00101,39561385.5066,15090611.69573,38977037.96303,13274655.10715,37455277.25031,6596037.1631,A
0.05143,0,0.05388,0,0.05368,0,5.24965,0.0014,5.19772,0.00095,5.24012,0.0005,0.47499,0.00133,0.47837,0.00132,0.47821,0.00122,24633984.85287,79342697.57438,23673832.35104,124042513.59589,23722888.90716,67271447.90799,A
0.03923,0,0.03783,0,0.04662,0,6.00066,0.00123,6.00662,0.001,5.93915,0.00178,0.41319,0.00092,0.41278,0.00093,0.42313,0.00072,29347459.09243,225399342.38452,29674505.11235,233478390.30691,27629101.17499,369077202.93986,A
0.07346,0,0.07276,0,0.06195,0,4.86348,0.00073,4.8675,0.00096,4.98584,0.00113,0.5222,0.00114,0.52119,0.00115,0.50623,0.00135,18253320.74739,55913761.15873,18184807.79308,72374147.33127,20614691.56401,42958395.25819,A
0.0298,0,0.03447,0,0.033,0,5.8074,0.0052,5.6092,0.0038,5.69683,0.00393,0.38299,0.00191,0.40482,0.00182,0.39821,0.00176,32931404.17927,847656022.80322,30418634.2886,1010561518.05007,31308828.5986,1740146518.03589,A
0.02741,0,0.02905,0,0.02879,0,5.93774,0.00154,5.82897,0.00154,5.81597,0.00136,0.38522,0.00089,0.39398,0.00093,0.3947,0.00096,27467972.87878,824269259.3543,27460078.63773,951237414.73937,29032802.0555,1402114288.26396,A
0.09262,0,0.1076,0,0.09113,0,4.07051,0.00021,3.89026,0.00015,4.10293,0.00036,0.57721,0.00139,0.59761,0.00125,0.57257,0.00132,11333152.76199,618390503.03039,10516178.94287,541796421.52461,11431052.02055,489595260.7933,A
0.03788,0,0.04558,0,0.03928,0,5.32373,0.00036,5.16587,0.00029,5.26405,0.00043,0.45038,0.00143,0.47114,0.00121,0.45218,0.0014,24808314.43477,851324105.08129,22821100.74168,951408580.99995,23514429.22482,1072217259.70833,A
0.0481,0,0.05347,0,0.07349,0,5.01418,0.00051,4.80431,0.00056,4.60101,0.00102,0.48148,0.00157,0.49452,0.00151,0.52118,0.00106,21612677.19768,736298022.28694,20163217.02342,809332235.81054,17566416.93955,674471018.51577,A
0.04773,0,0.04915,0,0.05309,0,5.02503,0.00063,4.9772,0.00084,4.88048,0.00055,0.47036,0.00133,0.47502,0.00134,0.49075,0.00127,21809385.83554,209932470.79126,21446559.60455,229287993.72611,20612069.89207,270137307.55037,A
0.0162,0,0.02158,0,0.02459,0,6.52117,0.0024,6.23695,0.00277,5.99125,0.00297,0.317,0.00107,0.34304,0.00106,0.36835,0.00127,39925414.7962,2766170372.19192,33364695.17457,1893595820.85468,31090524.94624,1924303460.97819,A
0.0329,0,0.03005,0,0.03039,0,5.67867,0.00159,5.67923,0.00161,5.67961,0.00177,0.40938,0.00123,0.40693,0.0014,0.4099,0.00126,27264811.68932,468886055.32453,27755953.18607,497511177.23617,27941146.11301,768415193.65322,A
0.03012,0,0.03077,0,0.0305,0,5.79211,0.00055,5.76386,0.00066,5.7771,0.00055,0.4119,0.00099,0.4156,0.001,0.41403,0.00098,27620682.583,138564456.15509,27292856.44153,160352023.83514,27421640.46963,136774145.94996,A
0.03381,0,0.03559,0,0.03472,0,5.6423,0.00063,5.53767,0.00061,5.5737,0.00056,0.42766,0.00101,0.4375,0.00106,0.43269,0.00108,26776226.00894,1063374936.88533,25757169.81567,1184577672.90182,26143092.05037,1653157282.61487,A
0.02829,0,0.03005,0,0.02892,0,5.90672,0.00126,5.85513,0.0012,5.88533,0.00144,0.3987,0.0011,0.40465,0.0011,0.40045,0.00106,29935660.76176,635135573.47164,29102306.15333,496388546.94303,29457956.63399,724135164.98283,A
0.03308,0,0.03363,0,0.03174,0,5.73075,0.00124,5.71649,0.00122,5.78971,0.00137,0.41968,0.00101,0.42049,0.00101,0.4136,0.00101,28007625.93836,659415420.081,27904900.0851,726580670.92502,28675663.17851,947537405.91877,A
0.01296,0,0.01372,0,0.01377,0,7.14054,0.00399,7.04485,0.00487,7.02409,0.0052,0.28453,0.00074,0.29146,0.00083,0.29297,0.00085,46939266.94169,2443058886.32753,47163239.99354,2677076314.55106,45984157.96128,2079777250.70829,A
0.0173,0,0.01744,0,0.01802,0,6.5823,0.00168,6.53247,0.00209,6.49773,0.00159,0.32807,0.0008,0.33081,0.00086,0.33448,0.00086,37956986.02123,484933780.03139,37290769.70129,394728311.46754,37245090.23441,476256577.64277,A
0.01309,0,0.01448,0,0.02117,0,6.94451,0.00197,6.7964,0.00261,6.34946,0.00314,0.2946,0.00074,0.30775,0.00082,0.35508,0.00081,46660118.79449,3486681261.56258,46681870.12491,3599657856.64289,36665563.18779,1582644015.86155,A
0.01199,0,0.0145,0,0.01349,0,7.23354,0.0034,7.05558,0.00478,7.02075,0.00539,0.27402,0.00068,0.29028,0.00063,0.29253,0.00077,63733333.59978,1681123312.09187,56657699.54335,3288360715.43553,53801641.95154,2974034892.15074,A
0.03837,0,0.04127,0.00001,0.03847,0.00001,5.75845,0.01675,5.65155,0.02702,5.77685,0.02572,0.40649,0.00116,0.41414,0.00122,0.40312,0.00118,22304927.99643,1327126423.71492,21927189.74266,1492219993.01884,22990710.36667,2201013985.07011,A
0.02121,0,0.02452,0,0.03549,0,6.26317,0.0034,6.05957,0.00406,5.51765,0.00251,0.35105,0.00109,0.36885,0.00104,0.42249,0.00114,32726720.74027,922356607.98713,29378056.37754,1227864460.82206,21305722.91917,901944571.29142,A
0.0781,0.00002,0.07732,0.00001,0.08632,0,4.47883,0.00345,4.43386,0.00308,4.22745,0.00037,0.52951,0.00126,0.53106,0.00138,0.56071,0.00121,16848666.28585,141698174.18099,16735814.92973,142992018.00305,15621057.12658,174561185.33777,A
0.05393,0.00001,0.05548,0.00001,0.05513,0.00001,5.13289,0.00251,5.08769,0.0027,5.07791,0.00165,0.47728,0.00104,0.48151,0.00101,0.48239,0.00101,18282875.36533,1371508509.94677,18003228.42543,1386959919.44618,17973209.10803,1667278751.82762,A
0.02389,0,0.02994,0,0.02808,0,6.00193,0.00054,5.84398,0.00049,5.77907,0.00048,0.38002,0.00099,0.39752,0.00084,0.40309,0.00107,30516730.58021,6749845811.88123,26582876.53474,5764844082.38138,27137600.90641,6542647421.725,A
0.03743,0,0.03576,0,0.03194,0,5.44719,0.0009,5.49777,0.00102,5.56088,0.00092,0.44005,0.00129,0.43386,0.00123,0.42489,0.00142,23013075.543,840380644.07796,23561116.96236,1176283500.09109,24710485.05749,2057171546.88328,A
0.01063,0,0.01003,0,0.01029,0,6.96274,0.00067,6.97876,0.00086,6.96803,0.00102,0.268,0.00102,0.26534,0.00109,0.2647,0.00111,37496779.04471,1442341438.05076,38771144.0829,2586803002.77199,38086905.90326,2931574319.53716,A
0.02429,0,0.02555,0,0.02491,0,6.00499,0.00116,5.90216,0.00119,5.94034,0.00087,0.38813,0.00107,0.3968,0.00114,0.38997,0.00117,33100960.30516,8594323260.02244,31060090.44891,7388527475.38046,31849705.5119,7796894505.51552,A
0.02911,0,0.02919,0,0.0285,0,5.762,0.00041,5.72831,0.00076,5.78768,0.00087,0.40491,0.00102,0.40399,0.0011,0.39858,0.00103,21263915.02016,877500561.94659,21478016.67635,890339478.28661,21781655.78224,873949110.18009,A
0.03259,0,0.03024,0,0.02927,0,5.75494,0.0014,5.73457,0.00145,5.79488,0.00192,0.40723,0.00088,0.40607,0.00101,0.40031,0.00103,21007705.09165,4330008401.974361,21994483.77942,4639929030.04172,22353093.59246,4898235023.33018,A
0.0398,0,0.04072,0,0.04012,0,5.55915,0.00071,5.53345,0.00087,5.58823,0.00107,0.44254,0.00117,0.44639,0.00114,0.4417,0.0011,27652749.47431,1047506365.19094,27266287.34681,1039552535.29947,27685387.08253,772373122.19853,A
0.03698,0,0.03526,0,0.03645,0,5.4645,0.0011,5.46704,0.00102,5.49219,0.00095,0.43783,0.00127,0.43858,0.00129,0.43405,0.00117,20562586.86052,1086142752.2946,20954360.34979,1191620297.95291,20752592.35335,1245881159.70176,A
0.02066,0,0.02082,0,0.02338,0,6.26491,0.00098,6.24441,0.00102,6.21595,0.00132,0.35683,0.00088,0.35781,0.00092,0.35981,0.00077,34880890.73153,1488496843.3713,34888569.90241,1809963946.44249,33013140.53774,1858396068.35145,A
0.02248,0,0.02276,0,0.0226,0,6.35984,0.00078,6.33983,0.00075,6.35845,0.00066,0.35269,0.00096,0.3553,0.00096,0.35411,0.00093,33826853.34754,3781446410.30065,33573432.69569,4941168065.55323,33725974.22766,4600494719.66934,A
0.02614,0,0.02633,0,0.02616,0,6.00035,0.00122,5.9834,0.00126,5.99966,0.00119,0.39111,0.00106,0.39298,0.00109,0.39159,0.00105,31032310.98705,1154122119.96043,30866294.1753,1669515435.47025,31071316.02608,2396867684.72835,A
0.02308,0,0.02502,0,0.03098,0,6.18341,0.00089,6.02042,0.00068,5.75093,0.00069,0.37048,0.001,0.38285,0.00104,0.40802,0.00094,31167898.19817,2188607619.12894,29687056.74539,2369875597.68237,25028703.75085,1871312784.16027,A
0.03587,0,0.04153,0,0.0398,0,5.52041,0.00064,5.34687,0.00086,5.39192,0.00061,0.43305,0.00127,0.45343,0.00112,0.45018,0.00109,25416054.85404,222086932.93934,23924659.10806,248196396.13967,24137386.18273,372076392.79294,A
0.01724,0,0.01773,0,0.02008,0,6.64127,0.00955,6.43478,0.0168,6.30999,0.01184,0.30222,0.00109,0.31167,0.00154,0.32859,0.00122,45993149.92174,56077610.92146,41557105.66015,70279007.23106,38298270.86724,120824105.97841,A
0.02926,0,0.02965,0,0.02942,0,5.92613,0.00343,5.90668,0.00334,5.90625,0.0034,0.37896,0.0009,0.38187,0.0009,0.38056,0.00088,33457725.05612,111735091.10347,33155878.45169,116547157.54853,33279338.56126,98847329.76236,A
0.02605,0,0.02615,0,0.02542,0,6.05344,0.0044,6.03853,0.00454,6.07487,0.00382,0.36867,0.00103,0.36975,0.00103,0.36569,0.00099,31869468.29425,50636532.22382,31770740.50394,55472574.12767,32469676.59637,45670062.37418,A
0.0408,0,0.04102,0,0.04085,0,5.57091,0.00273,5.54907,0.00237,5.54018,0.0025,0.42966,0.0011,0.43111,0.00108,0.43091,0.00109,25655599.258,3662509.51691,25548367.10456,3616600.88319,25561846.0265,2521228.89952,A
0.03463,0,0.03527,0,0.03533,0,5.73282,0.00278,5.69002,0.00219,5.67245,0.0022,0.4055,0.00102,0.40906,0.00102,0.40987,0.00103,27999738.45821,7497494.99805,27639849.04106,7893234.07507,27465197.30821,4752137.92638,A
0.01965,0,0.01961,0,0.01806,0,6.25261,0.00507,6.25495,0.00437,6.26943,0.00465,0.32689,0.00085,0.3297,0.00082,0.32331,0.00101,38294133.4259,466082986.02238,37963507.08452,477078792.13138,39919414.34059,489526462.40402,A
0.02385,0,0.02645,0,0.02628,0,6.13538,0.0072,6.08644,0.0081,6.09954,0.00669,0.35755,0.00116,0.36198,0.00106,0.36106,0.00109,34288748.08079,38679654.06918,32044292.72205,7055001.65986,32074283.95819,2799762.86805,A
0.01937,0,0.02441,0,0.03405,0,6.39658,0.00723,6.09284,0.00949,5.65836,0.00785,0.32559,0.00331,0.35093,0.00297,0.39496,0.00317,37945984.74415,35962735991.50428,33026823.5876,26559452708.535048,27410447.60479,26935985363.177988,A
0.01936,0,0.01899,0,0.02268,0,6.67364,0.00183,6.53804,0.00306,6.37494,0.00174,0.32068,0.00119,0.32571,0.00117,0.34734,0.0013,41372142.58195,4720916295.14407,40075154.66062,4093655480.12016,37067409.72525,3591555138.1643,A
0.01693,0,0.01466,0,0.02502,0,6.84603,0.00698,6.83226,0.00402,6.61635,0.00401,0.29569,0.001,0.29012,0.00109,0.33147,0.00098,43124800.50284,3752497145.47659,46588082.42558,3987522912.67402,36389034.41488,3173178624.43679,A
0.01479,0,0.01491,0,0.01637,0,7.00617,0.00446,6.95687,0.00375,7.01352,0.00438,0.28657,0.00098,0.28953,0.00094,0.29505,0.00101,42606630.7398,3932952535.26044,42047271.28529,4482664666.57284,42818622.06429,5549819422.46566,A
0.01458,0,0.01744,0,0.02595,0,6.97274,0.00236,6.83704,0.00367,6.41912,0.00207,0.29533,0.00132,0.31081,0.00102,0.3584,0.00129,47078829.25179,3653367604.19918,42906805.4731,3278843052.37409,35886511.45473,3001542636.97112,A
0.06882,0.00002,0.0835,0.00004,0.07587,0.00003,4.69186,0.01941,4.30236,0.01766,4.46136,0.01518,0.48589,0.00278,0.51905,0.00298,0.50463,0.00291,17983213.82897,314165455.87937,16733185.14379,308538052.32617,16960024.45383,419441788.39784,B
0.07008,0.00001,0.0993,0.00003,0.09822,0.00003,4.62841,0.01048,4.07594,0.0073,4.06001,0.00857,0.4946,0.00334,0.55158,0.00272,0.55051,0.00294,19123592.13619,363113441.33315,15210701.91233,226118975.56869,15260202.92728,294040648.4306,B
0.09871,0.00002,0.11828,0.00002,0.10881,0.00002,4.15931,0.00745,3.87772,0.00538,4.06973,0.0087,0.54662,0.00388,0.57422,0.00336,0.55917,0.0034,16141967.2912,241655511.61868,14110508.43505,199427606.37206,14626504.42487,272161411.51964,B
0.02226,0,0.03516,0.00001,0.04544,0.00001,6.35481,0.01112,5.6069,0.02046,5.28553,0.01846,0.31787,0.00313,0.37998,0.00376,0.4258,0.00297,45804214.14364,3809163822.94026,28009361.29076,1557827057.83059,23534952.22159,1092054546.29353,B
0.10839,0.00005,0.16061,0.00002,0.1446,0.00002,3.93002,0.01009,3.38625,0.00466,3.62969,0.00504,0.55476,0.00539,0.63432,0.00287,0.61388,0.00275,16208430.07626,299782438.3858,11817038.35261,153016812.6912,12384456.38684,210764743.60907,B
0.02439,0,0.04301,0.00001,0.05893,0.00003,6.28619,0.0113,5.44262,0.02074,5.05035,0.01909,0.3231,0.00278,0.40837,0.0028,0.45649,0.00225,41322076.68586,3389724085.12396,23686899.68048,897577085.71403,19756967.31179,727010236.75688,B
0.09871,0.00002,0.11828,0.00002,0.10881,0.00002,4.15931,0.00745,3.87772,0.00538,4.06973,0.0087,0.54662,0.00388,0.57422,0.00336,0.55917,0.0034,16141967.2912,241655511.61868,14110508.43505,199427606.37206,14626504.42487,272161411.51964,B
0.06672,0.00001,0.07092,0.00001,0.09064,0.00006,4.90666,0.00837,4.63868,0.00865,4.22395,0.01403,0.46723,0.00574,0.48555,0.00598,0.51945,0.00571,22324379.74558,661504885.24067,21009174.9283,680371555.47782,17745284.35972,506062676.49519,B
0.03093,0,0.03627,0,0.04483,0.00001,5.95004,0.00647,5.77035,0.00714,5.35243,0.01278,0.35969,0.00433,0.37531,0.00378,0.41245,0.00414,32159078.09064,2846929157.69948,30635125.90484,2531727445.79915,25440445.24979,1667021118.35345,B
0.07688,0.00002,0.0958,0.00003,0.08578,0.00002,4.48367,0.00961,4.1575,0.00845,4.35972,0.01002,0.50862,0.00366,0.54149,0.00315,0.52361,0.00329,18064435.72369,303099581.18256,15629046.30475,226552918.13747,16391563.99044,324541881.74292,B
0.06923,0.00004,0.08209,0.00008,0.09896,0.00003,4.62271,0.0153,4.2585,0.01485,4.11358,0.00779,0.48264,0.00453,0.5098,0.00474,0.55201,0.00283,19785913.36154,527761334.78195,17788284.98045,409670549.78693,15183665.54811,352239415.50766,B
0.08778,0.00002,0.10851,0.00003,0.10655,0.00002,4.24366,0.00791,3.98131,0.00731,3.96061,0.00722,0.53813,0.00389,0.56793,0.00314,0.56685,0.00335,16595654.73156,310868015.10459,14433296.81151,256204893.20383,14536753.57119,335127623.68657,B
0.04443,0,0.05684,0.00002,0.08273,0.00002,5.48663,0.00805,4.92275,0.01199,4.44639,0.0098,0.41581,0.0042,0.45569,0.00461,0.52118,0.00299,27589678.13399,1388454860.37823,22390630.57852,929003223.69163,17215622.18652,507430965.10118,B
0.01617,0,0.01988,0,0.01975,0,6.64893,0.00194,6.45002,0.0027,6.46003,0.00317,0.31266,0.00143,0.33155,0.00136,0.3338,0.00134,39928680.85053,2396052104.32407,31795818.09658,1602105935.41128,32912856.52175,2801951955.35878,A
0.01597,0,0.01659,0,0.01527,0,6.67266,0.0022,6.63874,0.00239,6.77512,0.00171,0.31209,0.00113,0.31596,0.00115,0.30463,0.00106,37820198.92523,2200978305.32809,39202509.53582,2551095383.82265,41143212.18124,5040897193.30063,A
0.01715,0,0.01774,0,0.0164,0,6.73661,0.00095,6.67464,0.00153,6.74688,0.00125,0.31419,0.00109,0.31924,0.00108,0.3096,0.00112,36595666.87189,1602845383.355,36095944.08972,1566531569.00069,37981305.22082,2730966044.4573,A
0.01288,0,0.01343,0,0.0132,0,6.95036,0.00368,6.90429,0.00232,6.95322,0.00246,0.28168,0.00118,0.28696,0.00116,0.28701,0.00102,45832912.36265,3276404005.91377,46024447.65551,3496360412.43595,45672165.79591,5812733324.31664,A
0.01477,0,0.01573,0,0.01441,0,6.75914,0.0042,6.71644,0.00464,6.73164,0.0037,0.30003,0.00115,0.30487,0.00107,0.30363,0.00129,40334421.96175,2021603474.14178,40700447.09375,2272813404.71711,42522821.11158,3975715027.67953,A
0.01521,0,0.01657,0,0.0156,0,6.72627,0.00307,6.58621,0.00382,6.65223,0.00345,0.30248,0.00101,0.3145,0.00101,0.30916,0.00112,41644122.0302,2185585397.38397,39034037.55286,1936202810.31328,38796225.15253,2653524033.84465,A
0.00776,0,0.00993,0,0.00969,0,7.46139,0.00236,7.23645,0.00358,7.12496,0.0046,0.22582,0.00091,0.24415,0.00081,0.24877,0.00106,68204846.8292,7155043315.17924,58176547.63976,4643659210.09757,53318176.08459,5188978623.96319,A
0.01469,0,0.02209,0,0.02252,0,6.65169,0.00664,6.16859,0.00647,6.1304,0.00631,0.29898,0.00131,0.34019,0.00126,0.34446,0.00126,38730753.81435,1149390559.1715,30862371.54713,652764136.85421,30551516.38662,713966876.35655,A
0.01727,0,0.02731,0,0.03234,0,6.37674,0.00455,5.79386,0.00617,5.664,0.0063,0.32098,0.00181,0.37455,0.00182,0.39397,0.00154,37528631.31932,1082594910.24405,28827547.65374,571228121.95175,26479058.46785,451403151.76464,A
0.01938,0,0.03105,0,0.02783,0,6.25815,0.00462,5.72047,0.00529,5.82153,0.00577,0.32348,0.00136,0.38074,0.00132,0.37237,0.00146,31584843.23289,778339092.0637,25561663.97526,474558060.00245,27752844.91355,712716821.43889,A
0.0104,0,0.01024,0,0.01023,0,7.84548,0.00055,7.86682,0.00125,7.87215,0.00052,0.23882,0.00055,0.23828,0.00054,0.23122,0.00048,78951885.0357,978570690.14431,75935705.34147,1260835114.32466,83872403.60781,813764279.40188,B
0.01686,0,0.01647,0,0.01597,0,7.29515,0.00088,7.30964,0.00108,7.40364,0.00067,0.2964,0.00071,0.29289,0.00078,0.28411,0.0007,49615393.72935,152211181.82099,51353025.34999,152923497.40378,52590159.44151,148970399.60591,B
0.00761,0,0.0075,0,0.0074,0,8.26369,0.00102,8.2456,0.00151,8.33969,0.00196,0.21221,0.0004,0.21187,0.00044,0.20737,0.0004,81368097.06931,512396206.01315,79020104.97053,604114722.23941,90950735.1016,417835004.50247,B
0.00829,0,0.00892,0,0.00869,0,8.07068,0.00111,8.05576,0.00114,8.12982,0.00126,0.22632,0.00048,0.22598,0.00045,0.22191,0.00042,73029714.99171,400189965.80577,67561319.43485,134871302.62177,68878848.13974,108547806.4409,B
0.01082,0,0.01056,0,0.01172,0,7.96069,0.00028,7.96458,0.00025,8.02513,0.00104,0.24142,0.00045,0.23797,0.00049,0.23893,0.00038,72341232.46715,319183954.83574,73241695.38628,383992638.83667,67347874.79471,75489378.34052,B
0.00806,0,0.00776,0,0.00766,0,8.31762,0.0008,8.31566,0.00142,8.36374,0.00013,0.20723,0.00041,0.20694,0.0004,0.20105,0.00039,85841315.18329,911974583.61624,88580884.57837,826940335.33963,91953811.12523,946156340.12832,B
0.11918,0.00001,0.11506,0,0.10075,0,5.13864,0.00099,5.17223,0.00064,5.32286,0.00058,0.51876,0.00109,0.51582,0.00114,0.49556,0.00123,19902515.37275,468270652.16173,20223807.42945,499469664.96079,22793024.3797,644880272.98024,A
0.0623,0,0.06405,0,0.05974,0,6.36293,0.00031,6.3537,0.00021,6.39347,0.00056,0.40171,0.00097,0.40091,0.00086,0.39581,0.00094,34931528.68482,3083593956.68718,33117495.39609,2702942652.06258,30704969.58792,1793229064.90343,A
0.07753,0,0.07125,0,0.06776,0,5.89488,0.00043,5.94049,0.00032,5.98491,0.00013,0.44636,0.00106,0.44003,0.00101,0.4333,0.00116,24884503.34932,411513006.61232,26452491.95194,488096574.63538,26757068.77218,720259210.78397,A
0.07436,0,0.06474,0,0.06463,0,6.163,0.00034,6.2996,0.00034,6.25338,0.00052,0.42803,0.00093,0.41562,0.00091,0.41297,0.00109,27512623.75691,496627014.82871,30629924.14183,628656067.04286,27311218.06729,734313084.35186,A
0.07975,0,0.08104,0,0.07338,0,6.19765,0.00007,6.1756,0.00021,6.18452,0.00043,0.42838,0.00079,0.4335,0.00073,0.42779,0.001,24435002.86317,1348133905.72552,23617222.01081,1174310325.50259,22722305.57263,814596604.52299,A
0.08734,0,0.08548,0,0.07407,0,6.09491,0.00051,6.12126,0.00039,6.19649,0.00048,0.44257,0.00072,0.4415,0.00069,0.43064,0.00091,27122356.22264,537981434.64648,27862538.26292,596016380.90363,29880801.65388,890425893.42708,A
0.07875,0,0.08145,0,0.0712,0,6.28794,0.00103,6.23802,0.00028,6.31875,0.00082,0.42684,0.00083,0.43116,0.00078,0.421,0.00107,26696094.37263,409835308.0161,27313086.81269,485181139.12876,29334967.18804,889234339.11912,A
0.0874,0,0.08677,0,0.07386,0,5.79632,0.00064,5.79347,0.0007,6.00675,0.00026,0.45073,0.00085,0.45148,0.00081,0.42531,0.00089,28240363.81608,395253895.17348,26125396.64673,343363277.51369,28565733.17286,616416444.98785,A
0.01457,0,0.01616,0,0.01353,0,6.81792,0.00362,6.78168,0.00325,6.93659,0.00282,0.28965,0.00078,0.29148,0.00073,0.27592,0.00083,51697470.36142,1376329520.52064,46933665.88292,786749581.27281,51926162.36582,1221936919.6433,A
0.01459,0,0.01429,0,0.01363,0,6.87466,0.0062,6.87761,0.00627,6.95969,0.00357,0.29096,0.00093,0.28789,0.00098,0.284,0.00092,48134666.32862,404869760.04617,48910185.47942,403833941.90937,50078842.59117,352880428.50901,A
0.02048,0,0.02065,0,0.02082,0,6.41044,0.00598,6.39216,0.00614,6.40395,0.00543,0.32752,0.00097,0.3282,0.00097,0.32999,0.00093,33961409.67402,35913258.28231,33877741.19866,40466891.42543,33888242.45079,24630691.12419,A
0.01851,0,0.01892,0,0.01626,0,6.44944,0.0009,6.39756,0.00109,6.51934,0.00059,0.32229,0.00093,0.32663,0.00094,0.31708,0.00099,40106958.17757,394911836.39427,38822190.41826,360352454.34939,42720459.08293,400405630.1697,A
0.01377,0,0.01208,0,0.01213,0,7.18625,0.00341,7.21653,0.00275,7.20586,0.00257,0.26885,0.00062,0.26301,0.00075,0.26288,0.00076,43436121.76661,480970331.12554,48970101.71261,960342743.47413,47092178.01749,532109614.77834,A
0.0163,0,0.01804,0,0.0172,0.00001,6.20331,0.00606,6.09141,0.00689,6.24764,0.00987,0.29363,0.00127,0.30569,0.00132,0.29552,0.00148,41135527.11251,2342416537.49183,40539603.51428,2429791634.9569,42203039.71426,1671475585.63959,A
0.00717,0,0.00714,0,0.00697,0,7.07907,0.00433,7.0862,0.00435,7.21514,0.00542,0.21363,0.00079,0.21166,0.00075,0.20793,0.00076,90338974.80674,16249230684.9064,85367840.02042,20503649404.93552,92152685.707,13431893453.86064,A
0.02556,0,0.02802,0,0.02706,0,5.96001,0.00806,5.84427,0.008,5.96995,0.01142,0.34097,0.00136,0.35464,0.00138,0.34963,0.00143,47174414.93241,203780280.57459,44868982.13599,234905847.68076,45450181.6466,79437183.03084,A
0.017,0,0.01549,0,0.01578,0,6.11765,0.00507,6.06761,0.0031,6.14363,0.00571,0.28705,0.001,0.2817,0.00149,0.28327,0.00164,39020638.64018,7350468885.85616,40916791.62883,11331722150.39132,40112417.43673,6626189384.20164,A
0.02334,0,0.02324,0,0.02566,0,6.31756,0.00439,6.25751,0.00523,6.21657,0.0041,0.36049,0.00103,0.36231,0.00117,0.36586,0.00098,36711997.76925,17865398.82309,36532460.6886,20635875.07951,34305481.44001,28199959.397,A
0.0263,0,0.02876,0,0.02963,0,6.03361,0.00108,6.01044,0.00119,6.01435,0.00111,0.39868,0.00125,0.39955,0.0011,0.39961,0.00103,28235892.4769,20854952.08155,27637218.07205,50737511.87365,27533324.82029,53264920.69192,A
0.02772,0,0.02841,0,0.02814,0,6.02753,0.00451,5.9323,0.00301,5.94554,0.00291,0.37929,0.001,0.38806,0.00104,0.38647,0.00103,29380080.03853,25292752.29135,28358869.26335,18638714.07069,28478173.46706,17142692.00281,A
0.02516,0,0.02724,0,0.02757,0,6.15158,0.00567,6.09238,0.00538,6.12587,0.00556,0.3704,0.00118,0.37449,0.00111,0.37233,0.00104,29599931.9344,6544981.21129,27848945.87512,15215877.70351,28277669.94891,16398464.34281,A
0.01586,0,0.01698,0,0.01842,0,7.01794,0.00131,6.87035,0.0021,6.64339,0.00248,0.29577,0.00077,0.30836,0.00085,0.3262,0.00102,45692743.2541,43105063.79607,39915829.62025,29804018.40798,38415394.7459,18066495.77793,A
0.01225,0,0.01284,0,0.01207,0,7.31893,0.00316,7.24301,0.00385,7.34059,0.00272,0.26541,0.0006,0.27309,0.00061,0.2626,0.0006,50795947.5832,38047013.0276,48180974.42477,27195430.38262,51618631.27056,22940074.8394,A
0.0393,0.00001,0.04045,0.00001,0.04193,0.00001,5.41056,0.00402,5.37993,0.00428,5.33135,0.00479,0.43162,0.00141,0.43631,0.00146,0.44232,0.00144,24725706.84701,6909763.22482,24408033.90322,6126889.54372,23908148.42176,3208185.14929,A
0.01721,0,0.01742,0,0.0174,0,6.82535,0.00398,6.76913,0.00444,6.77064,0.00381,0.30835,0.00086,0.31315,0.00093,0.31191,0.00091,35485904.0265,3533632.65183,33741860.46776,3769438.42073,35633078.13453,3546227.49818,A
0.02004,0,0.01847,0,0.01851,0,6.44881,0.00459,6.45772,0.00418,6.47155,0.0035,0.32961,0.00079,0.32717,0.00095,0.32908,0.00086,32087051.6739,7387459.52658,33850762.05636,35443546.05495,33244421.84167,26524475.31831,A
0.01352,0,0.01756,0,0.02015,0,6.75835,0.0027,6.32296,0.00511,6.16836,0.00446,0.28573,0.00132,0.32061,0.00147,0.33659,0.00169,40620222.97691,3577257288.47529,35986392.0916,3148253778.09251,32132067.62897,2989375944.00531,A
0.01421,0,0.01733,0,0.01838,0,6.57962,0.00375,6.27702,0.00396,6.27376,0.00457,0.29065,0.00147,0.31609,0.00155,0.322,0.00175,42297621.32254,4445023173.12848,37233073.99573,3895331635.17209,36346718.79771,4030509532.6215,A
0.01301,0,0.01641,0,0.02302,0,6.77276,0.00271,6.50833,0.00412,6.06499,0.00364,0.28827,0.00162,0.3129,0.00164,0.35582,0.00181,45361531.89022,3100987244.67673,40269416.02625,3512651791.60016,33283815.06779,2679811685.13534,A
0.01721,0,0.01931,0,0.02505,0,6.56291,0.00377,6.43209,0.00585,6.07064,0.0052,0.31437,0.00176,0.32616,0.00174,0.36204,0.002,33592534.10971,2545806069.2122,34290304.11094,3099594900.00131,32364818.56096,2945790524.93927,A
0.01562,0,0.02085,0,0.01993,0,6.56191,0.00293,6.10806,0.00407,6.17412,0.00475,0.30319,0.00155,0.34188,0.00172,0.33508,0.00177,38078050.10624,2911899458.85981,32552516.62472,1811360985.05088,34857338.80219,2840091225.35101,A
0.01232,0,0.01233,0,0.01937,0,6.84228,0.00399,6.81863,0.00427,6.3054,0.00359,0.28009,0.00131,0.27699,0.00127,0.33076,0.00166,50638772.0751,5006251490.40076,50705139.87231,8285363279.12488,38360554.85942,5078076124.85986,A
0.02072,0,0.02709,0.00001,0.04838,0.00001,6.37132,0.01426,6.01436,0.01579,5.53339,0.00598,0.32699,0.00149,0.35953,0.00151,0.43118,0.0013,32549927.90623,3309088119.55914,30154316.88358,3860042451.61718,21220089.83997,3400096023.03793,A
0.02365,0.00001,0.02577,0.00001,0.03884,0,6.1313,0.0128,6.01253,0.01543,5.6778,0.00724,0.34254,0.0014,0.35537,0.00141,0.41444,0.00132,32592642.1101,3613802299.29692,30196211.21948,4110300584.40839,24726237.51082,4257113070.91864,A
0.01184,0,0.01786,0,0.03594,0,7.19955,0.01576,6.62126,0.01832,5.76464,0.00942,0.25619,0.0012,0.3083,0.00134,0.40294,0.00153,49672380.2815,13958893688.99311,39689185.72132,8606171515.7118,27019690.89101,4729447283.67533,A
0.02543,0,0.03458,0,0.05069,0,6.40931,0.01607,6.06657,0.01498,5.75348,0.00569,0.33735,0.00138,0.38,0.0012,0.43049,0.00112,35018287.85839,5287963622.65172,30418367.3741,5076887170.25607,25397530.15473,5434548984.53042,A
0.01709,0,0.03702,0.00001,0.04435,0,6.7308,0.01836,5.78658,0.01554,5.59055,0.0063,0.30202,0.00181,0.39982,0.00164,0.42969,0.0017,42392620.11155,6549358887.32388,27506942.39322,3330921985.51942,24844485.97543,4612851828.95805,A
0.0254,0.00001,0.03085,0.00001,0.04548,0.00001,6.03968,0.02211,5.82175,0.02056,5.39902,0.00922,0.34601,0.00189,0.37366,0.0018,0.43105,0.00178,32390521.22949,3852672243.37957,29116445.33597,4399256942.32239,23783802.72582,4367152539.81079,A
0.01466,0,0.0185,0,0.01845,0,6.92518,0.00654,6.63611,0.00685,6.65874,0.00736,0.2803,0.00117,0.31135,0.00132,0.31211,0.00139,47480308.7974,17319599268.29049,41416287.14801,11953467277.39916,39647629.33587,14214360358.26379,A
0.04591,0,0.05237,0.00001,0.0506,0,5.48038,0.00242,5.30826,0.00175,5.43079,0.003,0.41853,0.00103,0.43879,0.00106,0.43368,0.00106,27273503.2546,21453313.40483,25219054.02254,14639723.21232,25663673.69672,11046591.19865,A
0.02319,0,0.02103,0,0.01957,0,6.21023,0.00579,6.22485,0.00882,6.29638,0.00992,0.33808,0.00188,0.32021,0.00167,0.3108,0.00181,37911282.85018,1232315624.62742,37841945.979,1393305561.6237,39583044.70422,1245840867.99242,A
0.01507,0,0.02029,0,0.02854,0,6.80688,0.00461,6.31592,0.00418,5.80898,0.0034,0.29259,0.00152,0.33146,0.00161,0.37524,0.00174,45974823.58381,5963350559.00937,35816714.30761,7675505557.00373,28410294.87696,5887847024.65509,A
0.03541,0,0.03759,0.00001,0.04557,0.00001,5.68461,0.00655,5.46667,0.00687,5.38999,0.00528,0.39608,0.00172,0.40472,0.00186,0.42679,0.00153,22379452.99014,730960125.22441,23273005.21759,3249274659.40768,21634347.69628,5390332231.35157,A
0.04037,0.00001,0.03832,0,0.05737,0.00002,5.76417,0.00696,5.70463,0.00752,5.52381,0.00697,0.40496,0.00176,0.4083,0.00217,0.44194,0.00143,23514601.64936,2588693727.8137,23390294.19454,3552334923.2796,20810025.61822,4277388830.87365,A
0.03434,0.00001,0.03509,0.00001,0.04317,0.00001,5.77794,0.01006,5.76008,0.01042,5.56586,0.00979,0.39304,0.00192,0.39577,0.00195,0.41958,0.00181,26988756.9861,3053419963.29093,26429220.10168,3159144110.4033,22814280.46411,3912694301.63475,A
0.03067,0,0.02909,0.00001,0.03029,0,5.95118,0.0094,5.93211,0.01082,5.87981,0.00842,0.37396,0.00169,0.3763,0.00178,0.38374,0.00188,34260874.25923,4760651308.24122,33497608.04548,5267178545.15917,33194738.53471,8747530327.556472,A
0.016,0,0.01692,0,0.0192,0,6.52923,0.01139,6.39676,0.01107,6.33773,0.01026,0.29579,0.00133,0.30303,0.00163,0.31557,0.00144,28953098.93163,8384005511.47028,30790977.76952,10313604147.43398,30537047.79578,11512342486.4766,A
0.03963,0,0.04105,0.00001,0.03597,0,5.54548,0.00396,5.45128,0.00388,5.5317,0.0042,0.42386,0.00212,0.42933,0.00217,0.41481,0.00247,29760719.25605,2956429937.84628,29872856.62573,3187788825.2746,31853933.48263,4718270820.03714,A
0.04845,0,0.03518,0,0.03899,0,5.42591,0.00123,5.66286,0.00289,5.57461,0.00274,0.43171,0.00237,0.4132,0.00251,0.41966,0.00227,21994567.49705,1481667332.27204,27101147.74513,3494425814.23043,22303906.14118,3566625811.14661,A
0.01651,0,0.0177,0,0.01506,0,6.66756,0.00263,6.58126,0.00282,6.80879,0.00242,0.31443,0.00139,0.3212,0.0015,0.30248,0.00137,40425850.50105,14719762308.06991,38691656.79775,14601745757.30185,43215092.8755,22820755615.56452,A
0.01854,0,0.02719,0,0.0237,0,6.22237,0.00036,5.85929,0.00017,6.17326,0.00095,0.32467,0.00121,0.37005,0.00113,0.35331,0.00116,38741746.30005,3468305029.01231,30592849.58555,1750279524.85626,34074970.8664,2703206457.47208,A
0.01171,0,0.01923,0,0.02776,0,6.79356,0.00071,6.22864,0.0013,5.90188,0.00091,0.2712,0.00114,0.3328,0.00117,0.3786,0.00131,50320701.98678,12072624060.57447,35891276.90012,4105780092.9914,29650710.67846,2322976196.743,A
0.01854,0,0.02719,0,0.0237,0,6.22237,0.00036,5.85929,0.00017,6.17326,0.00095,0.32467,0.00121,0.37005,0.00113,0.35331,0.00116,38741746.30005,3468305029.01231,30592849.58555,1750279524.85626,34074970.8664,2703206457.47208,A
0.02882,0,0.03835,0,0.03215,0,5.8421,0.00272,5.41778,0.00221,5.68339,0.00159,0.37909,0.00152,0.42035,0.00158,0.40189,0.00158,28994763.44742,1158712759.69827,25425061.62318,897527985.94131,26948033.07447,1586812541.31045,A
0.02388,0,0.0313,0,0.03227,0,5.93918,0.00141,5.69174,0.00131,5.69661,0.00292,0.36041,0.00146,0.39135,0.00114,0.39634,0.00131,31928054.35656,1842400875.04059,27531188.04814,1350794474.23386,28199761.23409,1643782128.46707,A
0.03006,0,0.03747,0,0.0358,0,5.59199,0.00177,5.33348,0.00172,5.49419,0.00139,0.39673,0.00188,0.42523,0.00154,0.41637,0.00153,27987669.8976,1079495299.14277,24059125.46408,787641095.04539,24829614.45305,1250535060.19793,A
0.03402,0,0.03086,0,0.03403,0,5.56476,0.00113,5.54503,0.00133,5.53529,0.00159,0.40928,0.00142,0.40438,0.00166,0.41115,0.00153,26108264.66007,679485511.72781,27414282.35514,766725089.25491,25709592.48146,1068784671.02335,A
0.01583,0,0.01821,0,0.02574,0,6.66193,0.00085,6.49881,0.00082,5.96965,0.00136,0.30842,0.00125,0.32701,0.0011,0.37256,0.00141,45214818.15223,2685172109.9552,39095423.63667,2481685044.43575,30026782.37019,2094494692.19362,A
0.01211,0,0.01589,0,0.02624,0,7.03592,0.00029,6.59084,0.00076,5.83009,0.00169,0.27405,0.00119,0.31448,0.00141,0.38283,0.00172,50201112.44906,6449547746.94406,39941833.75926,3360182031.20939,29396629.4216,2216086613.29282,A
0.04198,0.00001,0.0497,0.00001,0.06143,0,5.87189,0.01901,5.75428,0.02047,5.55662,0.01275,0.40001,0.0029,0.41837,0.00259,0.4485,0.0021,30931406.20493,408330532.23419,29160041.49774,378566310.53544,26082540.4324,382004076.02313,A
0.02898,0.00001,0.02917,0.00001,0.02692,0.00001,5.76403,0.01268,5.71544,0.01497,5.81549,0.0169,0.3653,0.00304,0.36333,0.00351,0.35295,0.00339,30183340.03816,1139714485.74555,30403522.93523,1553716282.36206,31590552.06067,2931423077.26604,A
0.03777,0.00001,0.04302,0.00001,0.04297,0.00001,5.60465,0.01501,5.42716,0.017,5.42826,0.01223,0.39772,0.00313,0.41702,0.00295,0.41984,0.00276,26312088.62096,1149670543.3175,24608313.46823,1027329969.13233,24446844.84068,1133843536.29053,A
0.0398,0.00001,0.04276,0.00001,0.04219,0.00001,5.48392,0.01122,5.39635,0.01293,5.44721,0.01195,0.4111,0.00415,0.42082,0.00412,0.41967,0.0035,25763329.47806,992132548.0377,25005334.14884,945317131.03976,25003926.06693,1060174460.2128,A
0.01421,0,0.01741,0,0.03233,0.00001,6.64856,0.00783,6.38469,0.00984,5.70449,0.01762,0.27975,0.00201,0.30197,0.00222,0.378,0.00216,45015950.53486,5915250299.88261,40255590.53682,4308161937.83686,28100801.29754,1760520943.43532,A
0.02181,0.00001,0.02183,0,0.0316,0.00001,6.27085,0.01613,6.31831,0.01865,5.66876,0.02157,0.33377,0.00254,0.3271,0.00241,0.37981,0.00293,34400180.37705,1442581702.18164,34880540.67966,1676204320.96076,27659633.20475,1382910225.45452,A
0.03507,0.00001,0.03725,0.00001,0.04999,0,5.86161,0.02772,5.8277,0.02957,5.63507,0.01895,0.38328,0.00151,0.38827,0.00139,0.42492,0.00131,28137819.07879,1297243141.34393,27727600.3979,1577094884.06884,24509279.66172,1587216919.36192,A
0.02424,0.00001,0.02576,0.00001,0.02899,0.00001,6.38088,0.02504,6.32682,0.02833,6.18625,0.02376,0.33389,0.00125,0.3357,0.00142,0.35681,0.00156,32280667.51455,1748752243.89429,33606788.9048,2417369290.87591,34736973.4549,2230766483.5042,A
0.0524,0.00001,0.07068,0.00001,0.09368,0.00001,5.61041,0.01918,5.1807,0.01853,4.89147,0.01121,0.42912,0.0015,0.47387,0.00136,0.51254,0.00135,25620120.58124,1013081970.30279,20930805.44657,723268239.63088,17565299.40071,547748249.27215,A
0.01907,0,0.02016,0,0.01928,0,6.77746,0.00695,6.64553,0.01068,6.64251,0.01103,0.27431,0.00227,0.28021,0.00206,0.2918,0.00172,47858278.47839,1668934480.19227,44554146.34353,1848769275.62615,49067307.35069,891565131.48901,B
0.04391,0.00001,0.03785,0.00001,0.03186,0,5.81336,0.01042,5.69097,0.01184,5.88046,0.00766,0.3946,0.00285,0.37708,0.00368,0.35918,0.00329,22672504.32571,542077910.52232,24639438.5071,757724987.51321,27863609.34147,1305697363.26189,B
0.0237,0.00001,0.02285,0.00001,0.0208,0,6.35719,0.01984,6.28804,0.02191,6.44261,0.02294,0.32261,0.00201,0.32235,0.00207,0.30986,0.00204,38796315.45278,772252466.3521,38599592.06165,1191064706.418,40948826.74203,1450471055.54928,B
0.02193,0,0.02612,0.00001,0.02199,0,6.4706,0.01887,6.33299,0.0177,6.40578,0.01361,0.3204,0.0023,0.33368,0.00186,0.32186,0.00232,42474914.91917,433257950.55039,37821150.42443,161801562.55626,39986678.21886,473780659.99949,B
0.02013,0,0.02227,0.00001,0.02375,0,6.52811,0.01967,6.42816,0.02159,6.50076,0.01314,0.30652,0.00232,0.31738,0.00212,0.32424,0.00148,46308915.42686,1329874086.73039,44290168.39273,1267121790.01641,41492076.02145,715095037.85687,B
0.01075,0,0.01118,0,0.01026,0,7.01228,0.00407,6.99272,0.00721,7.10712,0.01221,0.24124,0.00135,0.24418,0.00135,0.23694,0.00128,54364397.33033,3480169534.95372,54478080.22714,3564266599.49912,55107734.51914,2810979119.01677,B
0.01235,0,0.0112,0,0.01167,0,7.03725,0.00803,6.98976,0.00903,7.09526,0.01102,0.25652,0.00101,0.24971,0.00129,0.25006,0.001,56844422.60887,2150429933.82055,61181731.93445,3962808113.47647,61510551.79603,1371648974.87629,B
0.01163,0,0.01191,0,0.0109,0,7.0042,0.00992,6.9907,0.00983,7.14821,0.01005,0.24993,0.00145,0.25037,0.00126,0.24203,0.00122,55992348.88814,3734021087.22092,55651186.09774,4121194616.06182,57700057.06388,2644149922.18934,B
0.02353,0,0.02051,0,0.02397,0,6.4476,0.01174,6.39227,0.01663,6.39331,0.01225,0.3257,0.00245,0.31074,0.00303,0.32796,0.00205,36404859.68852,406757774.27938,38955439.39211,734191482.93035,35505492.37126,316371106.58093,B
0.02749,0,0.02702,0,0.0255,0,6.33211,0.01469,6.32174,0.01727,6.39166,0.01474,0.33624,0.00147,0.33479,0.0015,0.33072,0.0014,34748843.59873,302771871.63604,35102314.76358,318387969.29569,35574890.58429,390891262.66607,B
0.02179,0,0.02301,0,0.02151,0,6.34228,0.00962,6.28733,0.01097,6.40924,0.00997,0.31717,0.00232,0.32335,0.00221,0.31527,0.00213,41012858.92591,1253919423.20479,39942186.06894,1267750337.21639,41238548.65954,958814392.85208,B
0.02027,0,0.02429,0.00001,0.02161,0.00001,6.42177,0.01632,6.33139,0.01902,6.438,0.01737,0.31361,0.00235,0.32655,0.00177,0.3145,0.00173,40784085.86331,931386109.27784,37523925.18084,705285663.28951,39461174.26834,422939734.74474,B
0.02207,0,0.01916,0,0.01767,0,6.75353,0.00324,6.78288,0.0051,6.94619,0.00445,0.28124,0.00302,0.28079,0.00286,0.26275,0.00308,50898372.22999,1804902727.30665,52657576.49936,2621723899.91625,54817262.38761,4334528382.289871,B
0.04001,0.00001,0.04776,0,0.04452,0,5.93148,0.01578,5.77324,0.01601,5.86201,0.01261,0.38185,0.00278,0.4029,0.00206,0.39532,0.00188,30089923.58778,540752556.94166,26382743.62639,442519934.81412,26977172.5132,503350708.4474,B
0.0137,0,0.01661,0,0.02736,0.00001,6.87926,0.00747,6.75784,0.00728,5.95847,0.0086,0.28087,0.00169,0.29777,0.00126,0.36278,0.0016,37417189.67868,5310595750.08498,33090064.90908,10858074602.21832,28503675.43007,8598238730.403812,A
0.02252,0,0.02655,0,0.04209,0.00001,6.28803,0.00722,6.05522,0.00532,5.43306,0.00526,0.33857,0.00209,0.36256,0.00181,0.42316,0.0018,30652884.3923,4681340226.53524,27172454.71053,4598722323.30853,23020800.75203,4786006625.61156,A
0.03904,0.00001,0.04049,0.00001,0.047,0.00001,5.46887,0.00958,5.34279,0.00878,5.17287,0.0095,0.41324,0.00185,0.42054,0.00194,0.4393,0.00221,20288151.64466,1378437422.17496,19519881.86389,1545540710.77154,17395892.99838,2469424216.0007,A
0.0121,0,0.01133,0,0.03342,0.00001,7.26926,0.00263,7.1202,0.0036,5.6136,0.0076,0.25166,0.00179,0.26036,0.00185,0.39642,0.00228,53706180.19134,14431487954.94836,53798103.41248,32951974754.011328,27097049.10845,7205744528.41148,A
0.01597,0,0.01721,0,0.01875,0,6.66838,0.00456,6.57622,0.00516,6.56212,0.00491,0.30608,0.00082,0.31331,0.00088,0.31607,0.00079,50039522.41522,196649593.7086,47378607.15267,191818728.74295,45655992.78155,49880796.04095,A
0.01309,0,0.0132,0,0.01142,0,7.03341,0.00411,7.02016,0.00451,7.15062,0.00537,0.26838,0.00075,0.27107,0.00071,0.26106,0.00076,56997766.08756,980400718.23474,54670760.94846,966965977.49332,54766805.5888,1467017104.54582,A
0.01462,0,0.01563,0,0.01722,0,6.80802,0.0067,6.69434,0.00735,6.69401,0.00859,0.29192,0.00094,0.29868,0.00104,0.30342,0.0009,44354784.38251,681200391.80752,41456962.91464,527745154.33075,38454430.41246,131760945.25532,A
0.03012,0,0.03059,0,0.02986,0,5.89493,0.00435,5.81797,0.00372,5.84581,0.00326,0.38629,0.00127,0.3931,0.00126,0.38952,0.00127,31137236.51859,21904094.21039,30527835.99816,20232628.10354,30637184.68362,18369469.32467,A
0.01754,0,0.02183,0,0.02025,0,6.22582,0.0042,6.03709,0.00392,6.04141,0.00382,0.31653,0.00101,0.33615,0.00083,0.33518,0.00104,40440795.2132,2011025161.20414,34994023.85207,1094526019.06636,37699125.94291,996702170.15602,A
0.02051,0,0.02006,0,0.02108,0,6.08182,0.00238,6.05781,0.00269,6.07883,0.00289,0.33808,0.00085,0.33796,0.00093,0.34128,0.00093,39909353.90872,269829226.16607,39630902.33735,250739550.99681,38623454.3408,156055894.07959,A
0.01247,0,0.01246,0,0.01276,0,6.35061,0.00314,6.32473,0.00313,6.35892,0.00327,0.2704,0.00076,0.27149,0.00077,0.27199,0.00085,55861034.30895,31189442313.60346,55475306.6692,29132360116.353192,60324624.8193,21269548832.688148,A
0.01365,0,0.01352,0,0.01551,0,6.76347,0.00138,6.69735,0.00119,6.5697,0.00118,0.30003,0.00111,0.30361,0.00123,0.3158,0.00121,41170226.86866,10975997096.91912,41262695.16679,11338511774.88394,38032912.77601,14116420272.96231,A
0.01575,0,0.01697,0,0.01661,0,6.57985,0.00107,6.5209,0.00066,6.59862,0.00081,0.31763,0.00105,0.32761,0.00104,0.32794,0.00101,37996208.26747,13410227246.68617,36905532.31721,13898400805.83519,37213644.92858,19791671042.61318,A
0.01525,0,0.01994,0,0.02362,0,6.59064,0.00094,6.29307,0.00124,6.16725,0.00052,0.31774,0.00114,0.3467,0.00115,0.37149,0.00119,37056780.8854,12510245350.76238,32094311.28888,9768383970.06423,28472717.31756,10905975430.97156,A
0.02086,0,0.02244,0,0.02402,0,6.30433,0.00093,6.23573,0.0008,6.21997,0.00064,0.34754,0.00119,0.35627,0.00117,0.36538,0.00116,30699207.19434,7850371231.76472,29654613.88172,8129074182.52279,29203007.22686,11474614830.64331,A
0.02617,0,0.02941,0,0.0333,0,6.04478,0.00036,5.93585,0.0003,5.91269,0.0004,0.38526,0.00141,0.40245,0.00128,0.41486,0.00123,31244153.48413,6336423704.37495,29757050.36721,6133206124.66667,29037308.27411,7326998777.32364,A
0.01526,0,0.01638,0,0.01655,0,6.61008,0.00003,6.52547,0.0001,6.51485,0.00024,0.32253,0.00102,0.33158,0.00099,0.32999,0.00107,37831008.69904,9842850046.22545,36872148.69533,9904709937.85177,36756344.17909,13267023210.53849,A
0.00789,0,0.00916,0,0.01129,0,7.50655,0.00046,7.26513,0.00027,7.04295,0.00037,0.24538,0.00066,0.26513,0.00075,0.28556,0.00079,56044281.72774,32424435900.53304,50858708.85919,26906842703.3651,45288993.06426,28254036935.68792,A
0.00791,0,0.00935,0,0.00873,0,7.20965,0.00139,7.07559,0.00142,7.11466,0.00195,0.23085,0.00088,0.24213,0.00074,0.24114,0.00089,57465122.49445,7706345478.00445,51780523.60574,4688641766.14584,54263152.66675,4591994157.82593,A
0.01245,0,0.01364,0,0.01365,0,6.75738,0.00194,6.6163,0.00261,6.67138,0.00445,0.27155,0.00134,0.28278,0.00129,0.28372,0.00135,53348033.24999,3643052093.72067,50297649.05461,3580181132.83741,48739006.02038,2998393077.46018,A
0.00777,0,0.0087,0,0.00908,0,7.15167,0.00166,6.95009,0.00213,7.04726,0.00221,0.23004,0.00091,0.24089,0.00096,0.23868,0.00087,59542766.35855,16977169600.88992,60593365.99638,14365985735.55871,60650204.47351,8403664658.30211,A
0.01029,0,0.01055,0,0.01031,0,6.95751,0.00205,6.86571,0.00318,6.95884,0.00344,0.25037,0.00091,0.25346,0.00091,0.25027,0.00088,52195026.36879,8916861229.339662,51324218.99689,9119429929.6442,56727489.73445,7397055997.62305,A
0.00999,0,0.01074,0,0.01154,0,7.22555,0.00583,7.05851,0.00554,6.9755,0.00316,0.25325,0.00143,0.26316,0.00146,0.2715,0.00149,56106859.63319,3736572786.5919,50946776.05516,3627592047.56287,47934947.95133,3071769297.99685,A
0.00667,0,0.00739,0,0.00733,0,7.43607,0.00192,7.40064,0.0026,7.35986,0.00374,0.20919,0.00086,0.21648,0.0007,0.22056,0.00094,85642098.07686,16563045246.4263,86264538.39201,12739183937.895,87407475.65957,11188619152.90195,A
0.01875,0,0.02227,0,0.02014,0,6.17302,0.00159,5.98082,0.00137,6.20242,0.00252,0.33585,0.00141,0.3529,0.00139,0.33983,0.00126,37278810.59877,1293556463.57425,33517222.94848,1305051820.55785,34836366.23353,1628142994.49886,A
0.0097,0,0.01168,0,0.0149,0,7.07761,0.00275,6.9186,0.00255,6.90873,0.003,0.25449,0.00101,0.27136,0.00098,0.29136,0.00105,65236078.1518,7607905162.28115,56562353.29691,8532879037.00757,45723091.58027,5598765538.41146,A
0.01457,0,0.02195,0,0.02076,0,6.60151,0.00248,6.10773,0.00238,6.22027,0.00284,0.29893,0.0013,0.34541,0.00136,0.33878,0.00129,43528025.15666,2555375439.88532,34170357.56159,1546096674.51376,33998053.62538,1946247556.76882,A
0.01163,0,0.02205,0,0.02338,0,6.88605,0.00127,6.15205,0.00157,6.10837,0.00195,0.27343,0.0012,0.34439,0.00131,0.35404,0.00135,45581616.97878,5020865771.67985,33762936.53617,1353851109.56687,32336962.8863,1368911625.09946,A
0.00935,0,0.01746,0,0.0173,0,7.14745,0.00082,6.34927,0.00149,6.42399,0.00249,0.24136,0.00089,0.31569,0.00125,0.31644,0.00126,56129653.37816,8110072313.15525,36564341.0747,2052260954.80806,38717466.80498,2173582369.25222,A
0.02034,0,0.02588,0,0.02405,0,6.20459,0.00199,5.89625,0.00267,6.04776,0.00366,0.34204,0.00166,0.37123,0.00171,0.35892,0.00154,33887362.81795,1086631082.89858,29926683.48961,951039359.76649,31905388.72489,1307486712.79587,A
0.01202,0,0.02109,0,0.02674,0,7.02361,0.00026,6.20891,0.0024,6.04423,0.00415,0.26462,0.00121,0.33859,0.00169,0.36514,0.00147,55541666.09859,5758478145.16122,36036755.85664,1828630650.59571,29753270.64173,1313867491.14299,A
0.019,0,0.02512,0,0.02331,0,6.50626,0.00162,6.01592,0.00294,6.07682,0.00382,0.31345,0.0014,0.36192,0.0016,0.35333,0.00197,45229994.38014,2398386989.34459,31845742.84628,1574788166.16737,34577621.06317,1920214476.73511,A
0.01268,0,0.01632,0,0.02061,0,6.76726,0.00171,6.36268,0.00282,6.24058,0.00358,0.27848,0.00129,0.31402,0.00156,0.3379,0.00134,44142425.29704,4944540699.91357,39988783.99394,3796776482.06309,35217293.75769,2153011665.04285,A
0.02366,0,0.02493,0,0.02251,0,5.99915,0.00167,5.89744,0.00122,6.08991,0.00173,0.35831,0.00128,0.3652,0.00134,0.35235,0.00133,32715025.58002,1068462848.22385,32081642.95635,1349953021.33124,33311634.99297,1629221874.01528,A
0.00975,0,0.01071,0,0.01316,0,7.00686,0.00077,6.8461,0.00085,6.67069,0.00307,0.25267,0.00098,0.26525,0.00098,0.2893,0.00106,66199151.11352,9614763718.04336,55063998.96165,10223705036.95207,45391667.00675,4407889167.107311,A
0.01722,0,0.01866,0,0.01952,0,6.38987,0.00108,6.2583,0.00181,6.30625,0.00378,0.31603,0.00121,0.327,0.00128,0.32533,0.00143,38134687.97442,1674945290.72964,37380895.5144,2141722660.7648,35498265.37522,2617247160.1658,A
0.00974,0,0.01266,0,0.01669,0,6.96449,0.00088,6.70251,0.00263,6.52783,0.00416,0.25222,0.00118,0.27616,0.00127,0.3078,0.00129,58654627.51781,11907050193.91423,49230379.92573,7422983172.09199,40640013.39954,3361501144.97867,A
0.01027,0,0.01646,0,0.01768,0,7.07204,0.00113,6.40855,0.00225,6.44913,0.00358,0.25119,0.00096,0.31118,0.00134,0.31691,0.00115,54432867.56736,6507063331.56244,39142108.73027,2857261893.98964,37203108.44487,2385457332.72818,A
0.00987,0,0.01418,0,0.01688,0,7.13322,0.00009,6.56581,0.00244,6.47158,0.00375,0.24634,0.00095,0.2996,0.00144,0.31806,0.00137,55935965.94273,10209727331.00428,45266591.84588,4711784381.50507,39857989.68274,2798771457.20578,A
